record_id,object_id,longitude,latitude,elevation,condition,year_inspected,status_code,study_area,split,selection_order,split_seed,image_count,pano_count,non_pano_count,newest_captured_at,oldest_captured_at,coverage_available
ADA_CurbRampPt_1495,1495,-76.95872168485694,38.86853145248082,11.471000000005006,Fair,2016,1,anacostia_fairlawn,development,1,20260922,42,4,38,1780584717901,1562939360000,1
ADA_CurbRampPt_28612,28612,-76.99035539016586,38.8625294984108,-11.303100000004633,Fair,2016,1,anacostia_fairlawn,development,2,20260922,62,2,60,1786368238690,1546019429904,1
ADA_CurbRampPt_15555,15555,-76.96803664740125,38.86009023242576,52.362899999992806,Fair,2016,1,anacostia_fairlawn,development,3,20260922,96,15,81,1786462493777,1545153583154,1
ADA_CurbRampPt_29643,29643,-76.98374674675763,38.87908018354833,-15.351699999999255,Fair,2016,1,anacostia_fairlawn,development,4,20260922,4,2,2,1669903585844,1567792494000,1
ADA_CurbRampPt_18040,18040,-76.96001492991232,38.867922074464865,21.06479999999283,Fair,2016,1,anacostia_fairlawn,development,5,20260922,38,6,32,1734189071239,1535033003275,1
ADA_CurbRampPt_24464,24464,-76.98683971283374,38.85955238002881,11.962400000003981,Fair,2016,1,anacostia_fairlawn,development,6,20260922,42,5,37,1785165916681,1546019378986,1
ADA_CurbRampPt_29685,29685,-76.9885677977928,38.860564569989826,2.953899999993155,Good,2016,1,anacostia_fairlawn,development,1,20260922,45,3,42,1786368409691,1563122329000,1
ADA_CurbRampPt_21231,21231,-76.98713419877689,38.867209304774356,-25.57289999999921,Good,2016,1,anacostia_fairlawn,development,2,20260922,99,15,84,1783350503585,1548165544357,1
ADA_CurbRampPt_14660,14660,-76.97621105506252,38.86541281101138,-4.066800000000512,Good,2016,1,anacostia_fairlawn,development,3,20260922,91,6,85,1787235794551,1545235029615,1
ADA_CurbRampPt_31671,31671,-76.99365680021182,38.8613319225489,-20.215599999995902,Good,2016,1,anacostia_fairlawn,development,4,20260922,98,26,72,1787582337521,1546263203055,1
ADA_CurbRampPt_32546,32546,-76.96988948795403,38.855252255745675,51.96490000000631,Good,2016,1,anacostia_fairlawn,development,5,20260922,83,6,77,1786461775771,1546274481588,1
ADA_CurbRampPt_2065,2065,-76.97892133875733,38.870706855752374,-23.69650000000547,Good,2016,1,anacostia_fairlawn,development,6,20260922,48,2,46,1781276130503,1563128941000,1
ADA_CurbRampPt_2541,2541,-76.95765168636848,38.862270832299565,54.05789999999979,Missing,2016,1,anacostia_fairlawn,development,1,20260922,75,2,73,1734544300977,1562954817000,1
ADA_CurbRampPt_16710,16710,-76.98228714290292,38.869532740024056,-24.48750000000291,Missing,2016,1,anacostia_fairlawn,development,2,20260922,0,0,0,,,0
ADA_CurbRampPt_21131,21131,-76.95921066661013,38.8724093519235,16.45560000000114,Missing,2016,1,anacostia_fairlawn,development,3,20260922,100,11,89,1733926420097,1562940717000,1
ADA_CurbRampPt_20058,20058,-76.98593259025148,38.85747785200763,22.621799999993527,Missing,2016,1,anacostia_fairlawn,development,4,20260922,41,12,29,1786371012726,1546016572081,1
ADA_CurbRampPt_4868,4868,-76.96989603826107,38.8549010583669,50.95309999999881,Missing,2016,1,anacostia_fairlawn,development,5,20260922,4,1,3,1736011831695,1576247841773,1
ADA_CurbRampPt_17848,17848,-76.9614405316037,38.85735447526058,47.31449999999313,Missing,2016,1,anacostia_fairlawn,development,6,20260922,79,1,78,1766418830192,1535553333000,1
ADA_CurbRampPt_10373,10373,-76.97049506682089,38.8657025397368,24.348599999997532,Non-Compliant,2016,1,anacostia_fairlawn,development,1,20260922,52,3,49,1786463512749,1545153692988,1
ADA_CurbRampPt_22117,22117,-76.99447294672326,38.86191778969414,-22.76020000000426,Non-Compliant,2016,1,anacostia_fairlawn,development,2,20260922,100,22,78,1779202513712,1576079712299,1
ADA_CurbRampPt_34782,34782,-76.98935735250313,38.85653220068565,20.074800000002142,Non-Compliant,2016,1,anacostia_fairlawn,development,3,20260922,62,21,41,1651065400000,1563119213000,1
ADA_CurbRampPt_28877,28877,-76.9682741011683,38.87478897874614,-24.426500000001397,Non-Compliant,2016,1,anacostia_fairlawn,development,4,20260922,34,6,28,1787153363800,1545223513512,1
ADA_CurbRampPt_487,487,-76.96572644243186,38.86943338017679,13.911600000006729,Non-Compliant,2016,1,anacostia_fairlawn,development,5,20260922,76,12,64,1707250338693,1535554900000,1
ADA_CurbRampPt_19684,19684,-76.9773022771041,38.870808484228704,-22.74199999999837,Non-Compliant,2016,1,anacostia_fairlawn,development,6,20260922,30,4,26,1762362800446,1548165350343,1
ADA_CurbRampPt_13438,13438,-77.02401943005553,38.93530790699755,25.917499999995925,Fair,2016,1,columbia_heights_petworth,development,1,20260922,0,0,0,,,0
ADA_CurbRampPt_21815,21815,-77.03632709488816,38.94181374463058,22.694699999992736,Fair,2016,1,columbia_heights_petworth,development,2,20260922,99,20,79,1783604951453,1418286987000,1
ADA_CurbRampPt_26154,26154,-77.03875240764508,38.94407836759565,38.529099999999744,Fair,2016,1,columbia_heights_petworth,development,3,20260922,1,0,1,1562700002000,1562700002000,1
ADA_CurbRampPt_2899,2899,-77.02771208209002,38.95298352840959,25.66160000000673,Fair,2016,1,columbia_heights_petworth,development,4,20260922,91,5,86,1786974959641,1544792413598,1
ADA_CurbRampPt_3417,3417,-77.0328468627307,38.941810038782144,16.518500000005588,Fair,2016,1,columbia_heights_petworth,development,5,20260922,62,4,58,1786972087701,1498898989000,1
ADA_CurbRampPt_17124,17124,-77.02836388657408,38.9573446347301,44.41659999999683,Fair,2016,1,columbia_heights_petworth,development,6,20260922,62,6,56,1787838019732,1544792458363,1
ADA_CurbRampPt_13112,13112,-77.02212820043407,38.95087675670894,36.26810000000114,Good,2016,1,columbia_heights_petworth,development,1,20260922,90,4,86,1785248662872,1544713201208,1
ADA_CurbRampPt_30713,30713,-77.03283715252473,38.934194648347074,24.151899999997113,Good,2016,1,columbia_heights_petworth,development,2,20260922,52,2,50,1764603655381,1492786075000,1
ADA_CurbRampPt_31366,31366,-77.02192735742467,38.946704167131664,35.66220000000612,Good,2016,1,columbia_heights_petworth,development,3,20260922,54,2,52,1784208473487,1535622001000,1
ADA_CurbRampPt_19769,19769,-77.02514394755327,38.94179258991034,25.448499999998603,Good,2016,1,columbia_heights_petworth,development,4,20260922,33,7,26,1786972386710,1535283997000,1
ADA_CurbRampPt_5665,5665,-77.03332154387795,38.959366596908744,49.61460000000079,Good,2016,1,columbia_heights_petworth,development,5,20260922,50,3,47,1780413486422,1545037405784,1
ADA_CurbRampPt_22154,22154,-77.01930321691516,38.942474067768195,41.10030000000552,Good,2016,1,columbia_heights_petworth,development,6,20260922,62,8,54,1783601035571,1512662023000,1
ADA_CurbRampPt_31784,31784,-77.02963003669694,38.92667955408635,21.753700000001118,Missing,2016,1,columbia_heights_petworth,development,1,20260922,65,0,65,1765291261454,1574184594651,1
ADA_CurbRampPt_29780,29780,-77.03895109374963,38.92144161044905,16.714000000007218,Missing,2016,1,columbia_heights_petworth,development,2,20260922,0,0,0,,,0
ADA_CurbRampPt_8054,8054,-77.01983813162283,38.959519068806166,32.00699999999779,Missing,2016,1,columbia_heights_petworth,development,3,20260922,94,9,85,1701955171311,1418574161000,1
ADA_CurbRampPt_16860,16860,-77.02297639217053,38.9280739534795,26.346799999999348,Missing,2016,1,columbia_heights_petworth,development,4,20260922,1,0,1,1715267879797,1715267879797,1
ADA_CurbRampPt_2098,2098,-77.02725972702453,38.95143087249156,22.4320000000007,Missing,2016,1,columbia_heights_petworth,development,5,20260922,0,0,0,,,0
ADA_CurbRampPt_33719,33719,-77.0296051286056,38.92961777523702,24.385999999998603,Missing,2016,1,columbia_heights_petworth,development,6,20260922,65,6,59,1765205694225,1509184688000,1
ADA_CurbRampPt_28350,28350,-77.03662490952593,38.92262483774415,22.539199999999255,Non-Compliant,2016,1,columbia_heights_petworth,development,1,20260922,7,1,6,1762952798124,1601144991000,1
ADA_CurbRampPt_13132,13132,-77.02200368230952,38.94832898089922,34.68369999999413,Non-Compliant,2016,1,columbia_heights_petworth,development,2,20260922,54,4,50,1786975796620,1535622649000,1
ADA_CurbRampPt_5286,5286,-77.01673414941789,38.93836118806195,40.309800000002724,Non-Compliant,2016,1,columbia_heights_petworth,development,3,20260922,16,7,9,1647614762000,1533469239000,1
ADA_CurbRampPt_17245,17245,-77.02727272637662,38.937555565721254,24.61130000000412,Non-Compliant,2016,1,columbia_heights_petworth,development,4,20260922,18,0,18,1533471449000,1533470927000,1
ADA_CurbRampPt_7434,7434,-77.02356821939512,38.948301609648986,30.55580000000191,Non-Compliant,2016,1,columbia_heights_petworth,development,5,20260922,21,2,19,1786973832306,1561063185000,1
ADA_CurbRampPt_18370,18370,-77.02624654687698,38.933501846946285,25.0173000000068,Non-Compliant,2016,1,columbia_heights_petworth,development,6,20260922,58,11,47,1764769947843,1533471594000,1
ADA_CurbRampPt_18235,18235,-76.9995996473107,38.8783516516451,-23.432700000004843,Fair,2016,1,navy_yard_capitol_riverfront,development,1,20260922,78,5,73,1778510688488,1576685671500,1
ADA_CurbRampPt_13134,13134,-77.00065393646626,38.88568661940215,-9.738100000002305,Fair,2016,1,navy_yard_capitol_riverfront,development,2,20260922,82,11,71,1776695769964,1489240707000,1
ADA_CurbRampPt_30857,30857,-76.98659136018951,38.8852956158599,-7.645699999993667,Fair,2016,1,navy_yard_capitol_riverfront,development,3,20260922,86,8,78,1707496591306,1564760059000,1
ADA_CurbRampPt_12580,12580,-77.00495685802292,38.87835059305505,-24.892500000001746,Fair,2016,1,navy_yard_capitol_riverfront,development,4,20260922,78,19,59,1778508375540,1564344532000,1
ADA_CurbRampPt_27075,27075,-77.00890032122895,38.88112961025937,-28.97400000000198,Fair,2016,1,navy_yard_capitol_riverfront,development,5,20260922,95,9,86,1644848140000,1535550796000,1
ADA_CurbRampPt_33297,33297,-76.99166982307699,38.87466943686707,-22.398700000005192,Fair,2016,1,navy_yard_capitol_riverfront,development,6,20260922,68,18,50,1778261180602,1532264976497,1
ADA_CurbRampPt_25527,25527,-76.9927088835384,38.88991085909801,-6.876600000003236,Good,2016,1,navy_yard_capitol_riverfront,development,1,20260922,9,0,9,1673556453719,1573920715307,1
ADA_CurbRampPt_34156,34156,-77.01179214355344,38.88599994088841,-28.163100000005215,Good,2016,1,navy_yard_capitol_riverfront,development,2,20260922,2,1,1,1642601703000,1607011708666,1
ADA_CurbRampPt_34719,34719,-76.98544610992076,38.89087855346415,-7.375199999994948,Good,2016,1,navy_yard_capitol_riverfront,development,3,20260922,18,3,15,1700059402259,1563309304500,1
ADA_CurbRampPt_16824,16824,-76.9925638240695,38.888782094868176,-5.578999999997905,Good,2016,1,navy_yard_capitol_riverfront,development,4,20260922,2,1,1,1704391509448,1563215728000,1
ADA_CurbRampPt_31623,31623,-76.99852358282406,38.88660699025948,-7.073999999993248,Good,2016,1,navy_yard_capitol_riverfront,development,5,20260922,25,3,22,1776695124009,1544719702614,1
ADA_CurbRampPt_23858,23858,-77.00069157249165,38.87993503214102,-20.415599999992992,Good,2016,1,navy_yard_capitol_riverfront,development,6,20260922,17,6,11,1639666953000,1567688383000,1
ADA_CurbRampPt_8198,8198,-77.01224247889041,38.873043529433374,-27.98519999999553,Missing,2016,1,navy_yard_capitol_riverfront,development,1,20260922,25,2,23,1707230840705,1564339797000,1
ADA_CurbRampPt_15546,15546,-77.00356892172714,38.88045257026634,-21.643700000000536,Missing,2016,2,navy_yard_capitol_riverfront,development,2,20260922,100,18,82,1777993417458,1489232412000,1
ADA_CurbRampPt_8200,8200,-76.99835383905724,38.88765330241872,-7.881599999993341,Missing,2016,1,navy_yard_capitol_riverfront,development,3,20260922,0,0,0,,,0
ADA_CurbRampPt_24263,24263,-76.99835933252062,38.89352183474524,-7.482399999993504,Missing,2016,1,navy_yard_capitol_riverfront,development,4,20260922,8,1,7,1776175214759,1512726954000,1
ADA_CurbRampPt_27681,27681,-76.99381626848489,38.887527415045085,-6.381599999993341,Missing,2016,1,navy_yard_capitol_riverfront,development,5,20260922,44,5,39,1719159943993,1563215085000,1
ADA_CurbRampPt_7803,7803,-76.99942152721773,38.888639738200055,-7.446800000005169,Missing,2016,1,navy_yard_capitol_riverfront,development,6,20260922,0,0,0,,,0
ADA_CurbRampPt_14345,14345,-76.99368058808355,38.88268461042921,-10.097999999998137,Non-Compliant,2016,1,navy_yard_capitol_riverfront,development,1,20260922,2,2,0,1563215236000,1563215236000,1
ADA_CurbRampPt_34431,34431,-76.99942083376978,38.87846802674341,-23.40810000000056,Non-Compliant,2016,1,navy_yard_capitol_riverfront,development,2,20260922,68,16,52,1778510672520,1567692005000,1
ADA_CurbRampPt_8392,8392,-76.9938236529943,38.89115385304683,-7.812300000005052,Non-Compliant,2016,1,navy_yard_capitol_riverfront,development,3,20260922,80,3,77,1762969478029,1563214086500,1
ADA_CurbRampPt_28397,28397,-77.00362520470689,38.885018648225596,-11.910999999992782,Non-Compliant,2016,1,navy_yard_capitol_riverfront,development,4,20260922,0,0,0,,,0
ADA_CurbRampPt_16513,16513,-76.99961027392658,38.89474277066115,-10.032800000000861,Non-Compliant,2016,1,navy_yard_capitol_riverfront,development,5,20260922,14,2,12,1704816909905,1535279804000,1
ADA_CurbRampPt_19864,19864,-77.0105778834377,38.87472427157357,-24.794699999998556,Non-Compliant,2016,1,navy_yard_capitol_riverfront,development,6,20260922,1,1,0,1564341897000,1564341897000,1
