record_id,study_area,inventory_condition,record_latitude,record_longitude,image_id,image_path,image_latitude,image_longitude,captured_at,captured_at_iso,camera_type,is_pano,compass_angle,distance_to_record_m,bearing_to_record_deg,heading_difference_deg,signed_heading_difference_deg,faces_target,source,attribution
ADA_CurbRampPt_1495,anacostia_fairlawn,Fair,38.86853145248082,-76.95872168485694,1463505824089475,data/images/mapillary_scaleup_development/ADA_CurbRampPt_1495/1463505824089475.jpg,38.868661728329,-76.958683944269,1604671217500,2020-11-06T14:00:17.500000+00:00,spherical,True,297.9,14.85,192.71,105.19,-105.19,1,Mapillary API,Mapillary
ADA_CurbRampPt_1495,anacostia_fairlawn,Fair,38.86853145248082,-76.95872168485694,172693305215677,data/images/mapillary_scaleup_development/ADA_CurbRampPt_1495/172693305215677.jpg,38.868687233192,-76.958746216328,1604671218000,2020-11-06T14:00:18+00:00,spherical,True,297.7,17.45,173.01,124.69,-124.69,1,Mapillary API,Mapillary
ADA_CurbRampPt_28612,anacostia_fairlawn,Fair,38.8625294984108,-76.99035539016586,1020699110377009,data/images/mapillary_scaleup_development/ADA_CurbRampPt_28612/1020699110377009.jpg,38.862527333507,-76.99033189115,1780925830776,2026-06-08T13:37:10.776000+00:00,perspective,False,222,2.05,276.75,54.75,54.75,1,Mapillary API,Mapillary
ADA_CurbRampPt_28612,anacostia_fairlawn,Fair,38.8625294984108,-76.99035539016586,1025701716477953,data/images/mapillary_scaleup_development/ADA_CurbRampPt_28612/1025701716477953.jpg,38.862527823796,-76.990323832378,1780925823757,2026-06-08T13:37:03.757000+00:00,perspective,False,213,2.74,273.9,60.9,60.9,1,Mapillary API,Mapillary
ADA_CurbRampPt_15555,anacostia_fairlawn,Fair,38.86009023242576,-76.96803664740125,1134295593800317,data/images/mapillary_scaleup_development/ADA_CurbRampPt_15555/1134295593800317.jpg,38.85969175,-76.967518245302,1605030139500,2020-11-10T17:42:19.500000+00:00,spherical,True,226.5,63.07,314.63,88.13,88.13,1,Mapillary API,Mapillary
ADA_CurbRampPt_15555,anacostia_fairlawn,Fair,38.86009023242576,-76.96803664740125,108964308466481,data/images/mapillary_scaleup_development/ADA_CurbRampPt_15555/108964308466481.jpg,38.859708561838,-76.96744960674,1605038778000,2020-11-10T20:06:18+00:00,spherical,True,226.5,66.22,309.86,83.36,83.36,1,Mapillary API,Mapillary
ADA_CurbRampPt_29643,anacostia_fairlawn,Fair,38.87908018354833,-76.98374674675763,1657034715350161,data/images/mapillary_scaleup_development/ADA_CurbRampPt_29643/1657034715350161.jpg,38.879126173831,-76.98373697788,1781102993791,2026-06-10T14:49:53.791000+00:00,perspective,False,251,5.18,189.39,61.61,-61.61,1,Mapillary API,Mapillary
ADA_CurbRampPt_29643,anacostia_fairlawn,Fair,38.87908018354833,-76.98374674675763,107771068534708,data/images/mapillary_scaleup_development/ADA_CurbRampPt_29643/107771068534708.jpg,38.879082977211,-76.983652689147,1602098198500,2020-10-07T19:16:38.500000+00:00,spherical,True,179.2,8.15,267.82,88.62,88.62,1,Mapillary API,Mapillary
ADA_CurbRampPt_18040,anacostia_fairlawn,Fair,38.867922074464865,-76.96001492991232,3411558199155301,data/images/mapillary_scaleup_development/ADA_CurbRampPt_18040/3411558199155301.jpg,38.867925200486,-76.95999855931,1702566533080,2023-12-14T15:08:53.080000+00:00,perspective,False,226.2225446701,1.46,256.22,30.0,30.0,1,Mapillary API,Mapillary
ADA_CurbRampPt_18040,anacostia_fairlawn,Fair,38.867922074464865,-76.96001492991232,304640595758625,data/images/mapillary_scaleup_development/ADA_CurbRampPt_18040/304640595758625.jpg,38.867928326973,-76.959964422086,1702561857841,2023-12-14T13:50:57.841000+00:00,perspective,False,246.22249698639,4.43,260.97,14.74,14.74,1,Mapillary API,Mapillary
ADA_CurbRampPt_24464,anacostia_fairlawn,Fair,38.85955238002881,-76.98683971283374,1039410298426788,data/images/mapillary_scaleup_development/ADA_CurbRampPt_24464/1039410298426788.jpg,38.859280478272,-76.986589946346,1780925732717,2026-06-08T13:35:32.717000+00:00,perspective,False,301,37.17,324.42,23.42,23.42,1,Mapillary API,Mapillary
ADA_CurbRampPt_24464,anacostia_fairlawn,Fair,38.85955238002881,-76.98683971283374,1132852003967538,data/images/mapillary_scaleup_development/ADA_CurbRampPt_24464/1132852003967538.jpg,38.859285247356,-76.986581198038,1637069821000,2021-11-16T13:37:01+00:00,perspective,False,314.62404640348,37.19,323.0,8.38,8.38,1,Mapillary API,Mapillary
ADA_CurbRampPt_29685,anacostia_fairlawn,Good,38.860564569989826,-76.9885677977928,356554336131138,data/images/mapillary_scaleup_development/ADA_CurbRampPt_29685/356554336131138.jpg,38.86046072516,-76.988771099099,1573478381090,2019-11-11T13:19:41.090000+00:00,perspective,False,30.077453613281,21.05,56.74,26.66,26.66,1,Mapillary API,Mapillary
ADA_CurbRampPt_29685,anacostia_fairlawn,Good,38.860564569989826,-76.9885677977928,3113799012282169,data/images/mapillary_scaleup_development/ADA_CurbRampPt_29685/3113799012282169.jpg,38.860438875638,-76.988772295726,1602350483000,2020-10-10T17:21:23+00:00,spherical,True,219.5,22.56,51.71,167.79,-167.79,1,Mapillary API,Mapillary
ADA_CurbRampPt_21231,anacostia_fairlawn,Good,38.867209304774356,-76.98713419877689,1201961267017384,data/images/mapillary_scaleup_development/ADA_CurbRampPt_21231/1201961267017384.jpg,38.867177735282,-76.98711087805,1638267522000,2021-11-30T10:18:42+00:00,perspective,False,284.98409378549,4.05,330.09,45.11,45.11,1,Mapillary API,Mapillary
ADA_CurbRampPt_21231,anacostia_fairlawn,Good,38.867209304774356,-76.98713419877689,1087808391749879,data/images/mapillary_scaleup_development/ADA_CurbRampPt_21231/1087808391749879.jpg,38.867180575263,-76.987179378915,1573407356500,2019-11-10T17:35:56.500000+00:00,equirectangular,True,282.8,5.05,50.76,127.96,127.96,1,Mapillary API,Mapillary
ADA_CurbRampPt_14660,anacostia_fairlawn,Good,38.86541281101138,-76.97621105506252,1001758227397335,data/images/mapillary_scaleup_development/ADA_CurbRampPt_14660/1001758227397335.jpg,38.865444577895,-76.976084543163,1602181258500,2020-10-08T18:20:58.500000+00:00,spherical,True,32.3,11.51,252.13,140.17,-140.17,1,Mapillary API,Mapillary
ADA_CurbRampPt_14660,anacostia_fairlawn,Good,38.86541281101138,-76.97621105506252,1241235830529773,data/images/mapillary_scaleup_development/ADA_CurbRampPt_14660/1241235830529773.jpg,38.865517869577,-76.976288204974,1730464559488,2024-11-01T12:35:59.488000+00:00,perspective,False,142,13.46,150.24,8.24,8.24,1,Mapillary API,Mapillary
ADA_CurbRampPt_32546,anacostia_fairlawn,Good,38.855252255745675,-76.96988948795403,1078823796179348,data/images/mapillary_scaleup_development/ADA_CurbRampPt_32546/1078823796179348.jpg,38.855170045496,-76.969917359314,1602346131000,2020-10-10T16:08:51+00:00,spherical,True,226.7,9.45,14.79,148.09,148.09,1,Mapillary API,Mapillary
ADA_CurbRampPt_32546,anacostia_fairlawn,Good,38.855252255745675,-76.96988948795403,1018569480679227,data/images/mapillary_scaleup_development/ADA_CurbRampPt_32546/1018569480679227.jpg,38.855145507162,-76.969911689359,1781271604511,2026-06-12T13:40:04.511000+00:00,perspective,False,322,12.02,9.2,47.2,47.2,1,Mapillary API,Mapillary
ADA_CurbRampPt_2541,anacostia_fairlawn,Missing,38.862270832299565,-76.95765168636848,1163270917568160,data/images/mapillary_scaleup_development/ADA_CurbRampPt_2541/1163270917568160.jpg,38.862167637912,-76.957910205119,1605027328000,2020-11-10T16:55:28+00:00,spherical,True,252.5,25.15,62.86,170.36,170.36,1,Mapillary API,Mapillary
ADA_CurbRampPt_2541,anacostia_fairlawn,Missing,38.862270832299565,-76.95765168636848,1060463751769459,data/images/mapillary_scaleup_development/ADA_CurbRampPt_2541/1060463751769459.jpg,38.862139577298,-76.957903152001,1702400155193,2023-12-12T16:55:55.193000+00:00,perspective,False,61.222418785095,26.21,56.16,5.06,-5.06,1,Mapillary API,Mapillary
ADA_CurbRampPt_21131,anacostia_fairlawn,Missing,38.8724093519235,-76.95921066661013,1145904273555095,data/images/mapillary_scaleup_development/ADA_CurbRampPt_21131/1145904273555095.jpg,38.872409617259,-76.959185739742,1733926412734,2024-12-11T14:13:32.734000+00:00,perspective,False,284,2.16,269.22,14.78,-14.78,1,Mapillary API,Mapillary
ADA_CurbRampPt_21131,anacostia_fairlawn,Missing,38.8724093519235,-76.95921066661013,1038638224081909,data/images/mapillary_scaleup_development/ADA_CurbRampPt_21131/1038638224081909.jpg,38.872394805239,-76.959264514056,1702565912589,2023-12-14T14:58:32.589000+00:00,perspective,False,98.221455574036,4.93,70.86,27.36,-27.36,1,Mapillary API,Mapillary
ADA_CurbRampPt_20058,anacostia_fairlawn,Missing,38.85747785200763,-76.98593259025148,1120334445298406,data/images/mapillary_scaleup_development/ADA_CurbRampPt_20058/1120334445298406.jpg,38.857503635416,-76.985895226665,1651310188000,2022-04-30T09:16:28+00:00,perspective,False,278.649,4.32,228.45,50.2,-50.2,1,Mapillary API,Mapillary
ADA_CurbRampPt_20058,anacostia_fairlawn,Missing,38.85747785200763,-76.98593259025148,1199510287213358,data/images/mapillary_scaleup_development/ADA_CurbRampPt_20058/1199510287213358.jpg,38.857416412875,-76.985774774564,1573477587412,2019-11-11T13:06:27.412000+00:00,perspective,False,311.07202148438,15.28,296.56,14.51,-14.51,1,Mapillary API,Mapillary
ADA_CurbRampPt_4868,anacostia_fairlawn,Missing,38.8549010583669,-76.96989603826107,210748337546351,data/images/mapillary_scaleup_development/ADA_CurbRampPt_4868/210748337546351.jpg,38.854958892848,-76.970059734572,1576173114704,2019-12-12T17:51:54.704000+00:00,perspective,False,63.995513916016,15.57,114.4,50.41,50.41,1,Mapillary API,Mapillary
ADA_CurbRampPt_4868,anacostia_fairlawn,Missing,38.8549010583669,-76.96989603826107,2016159208523071,data/images/mapillary_scaleup_development/ADA_CurbRampPt_4868/2016159208523071.jpg,38.854941349754,-76.970083288417,1576173111674,2019-12-12T17:51:51.674000+00:00,perspective,False,42.640075683594,16.82,105.45,62.81,62.81,1,Mapillary API,Mapillary
ADA_CurbRampPt_17848,anacostia_fairlawn,Missing,38.85735447526058,-76.9614405316037,1071244163919248,data/images/mapillary_scaleup_development/ADA_CurbRampPt_17848/1071244163919248.jpg,38.857422343162,-76.96151595955,1702316088325,2023-12-11T17:34:48.325000+00:00,perspective,False,148.22510910034,9.98,139.13,9.1,-9.1,1,Mapillary API,Mapillary
ADA_CurbRampPt_17848,anacostia_fairlawn,Missing,38.85735447526058,-76.9614405316037,1296393610831941,data/images/mapillary_scaleup_development/ADA_CurbRampPt_17848/1296393610831941.jpg,38.857430072518,-76.961511137383,1563208032000,2019-07-15T16:27:12+00:00,perspective,False,181.4,10.39,143.97,37.43,-37.43,1,Mapillary API,Mapillary
ADA_CurbRampPt_10373,anacostia_fairlawn,Non-Compliant,38.8657025397368,-76.97049506682089,1029040011141512,data/images/mapillary_scaleup_development/ADA_CurbRampPt_10373/1029040011141512.jpg,38.865462962963,-76.970510018215,1637048613000,2021-11-16T07:43:33+00:00,perspective,False,24.962943287132,26.67,2.78,22.18,-22.18,1,Mapillary API,Mapillary
ADA_CurbRampPt_10373,anacostia_fairlawn,Non-Compliant,38.8657025397368,-76.97049506682089,1061000091484617,data/images/mapillary_scaleup_development/ADA_CurbRampPt_10373/1061000091484617.jpg,38.865462368686,-76.970587816444,1604686105500,2020-11-06T18:08:25.500000+00:00,spherical,True,203.8,27.89,16.74,172.94,172.94,1,Mapillary API,Mapillary
ADA_CurbRampPt_34782,anacostia_fairlawn,Non-Compliant,38.85653220068565,-76.98935735250313,578581423551637,data/images/mapillary_scaleup_development/ADA_CurbRampPt_34782/578581423551637.jpg,38.85676627422,-76.989481275312,1602351217000,2020-10-10T17:33:37+00:00,spherical,True,317.7,28.15,157.6,160.1,-160.1,1,Mapillary API,Mapillary
ADA_CurbRampPt_34782,anacostia_fairlawn,Non-Compliant,38.85653220068565,-76.98935735250313,480056809774286,data/images/mapillary_scaleup_development/ADA_CurbRampPt_34782/480056809774286.jpg,38.856756101102,-76.989541903468,1563119197500,2019-07-14T15:46:37.500000+00:00,perspective,False,137.6,29.58,147.31,9.71,9.71,1,Mapillary API,Mapillary
ADA_CurbRampPt_28877,anacostia_fairlawn,Non-Compliant,38.87478897874614,-76.9682741011683,145455207568173,data/images/mapillary_scaleup_development/ADA_CurbRampPt_28877/145455207568173.jpg,38.874541862686,-76.968650287636,1573147087000,2019-11-07T17:18:07+00:00,equirectangular,True,237.8,42.61,49.84,172.04,172.04,1,Mapillary API,Mapillary
ADA_CurbRampPt_28877,anacostia_fairlawn,Non-Compliant,38.87478897874614,-76.9682741011683,1047719846307822,data/images/mapillary_scaleup_development/ADA_CurbRampPt_28877/1047719846307822.jpg,38.874589368637,-76.968704140101,1702042234149,2023-12-08T13:30:34.149000+00:00,perspective,False,117.22618579865,43.34,59.2,58.03,-58.03,1,Mapillary API,Mapillary
ADA_CurbRampPt_487,anacostia_fairlawn,Non-Compliant,38.86943338017679,-76.96572644243186,843995476535103,data/images/mapillary_scaleup_development/ADA_CurbRampPt_487/843995476535103.jpg,38.869413867478,-76.965783043961,1535554910000,2018-08-29T15:01:50+00:00,perspective,False,98.23,5.36,66.12,32.11,-32.11,1,Mapillary API,Mapillary
ADA_CurbRampPt_487,anacostia_fairlawn,Non-Compliant,38.86943338017679,-76.96572644243186,4096986087025384,data/images/mapillary_scaleup_development/ADA_CurbRampPt_487/4096986087025384.jpg,38.869452288824,-76.965783742975,1535554911000,2018-08-29T15:01:51+00:00,perspective,False,88.94,5.39,112.97,24.03,24.03,1,Mapillary API,Mapillary
ADA_CurbRampPt_19684,anacostia_fairlawn,Non-Compliant,38.870808484228704,-76.9773022771041,1214292389011469,data/images/mapillary_scaleup_development/ADA_CurbRampPt_19684/1214292389011469.jpg,38.870763491837,-76.977295701136,1563128969000,2019-07-14T18:29:29+00:00,equirectangular,True,86.9,5.04,353.51,93.39,-93.39,1,Mapillary API,Mapillary
ADA_CurbRampPt_19684,anacostia_fairlawn,Non-Compliant,38.870808484228704,-76.9773022771041,1135421118795915,data/images/mapillary_scaleup_development/ADA_CurbRampPt_19684/1135421118795915.jpg,38.870853761431,-76.977337444531,1762446113353,2025-11-06T16:21:53.353000+00:00,perspective,False,96,5.88,148.84,52.84,52.84,1,Mapillary API,Mapillary
ADA_CurbRampPt_21815,columbia_heights_petworth,Fair,38.94181374463058,-77.03632709488816,134049046016536,data/images/mapillary_scaleup_development/ADA_CurbRampPt_21815/134049046016536.jpg,38.941583642455,-77.036433166592,1649419805000,2022-04-08T12:10:05+00:00,perspective,False,0,27.18,19.72,19.72,19.72,1,Mapillary API,Mapillary
ADA_CurbRampPt_21815,columbia_heights_petworth,Fair,38.94181374463058,-77.03632709488816,1246987362725682,data/images/mapillary_scaleup_development/ADA_CurbRampPt_21815/1246987362725682.jpg,38.941584561265,-77.036474443641,1603213967000,2020-10-20T17:12:47+00:00,spherical,True,180,28.49,26.57,153.43,-153.43,1,Mapillary API,Mapillary
ADA_CurbRampPt_26154,columbia_heights_petworth,Fair,38.94407836759565,-77.03875240764508,1001077007307147,data/images/mapillary_scaleup_development/ADA_CurbRampPt_26154/1001077007307147.jpg,38.944041378017,-77.038752447401,1575300408686,2019-12-02T15:26:48.686000+00:00,perspective,False,38.628082275391,4.11,0.05,38.58,-38.58,1,Mapillary API,Mapillary
ADA_CurbRampPt_26154,columbia_heights_petworth,Fair,38.94407836759565,-77.03875240764508,1178059525972187,data/images/mapillary_scaleup_development/ADA_CurbRampPt_26154/1178059525972187.jpg,38.944109334594,-77.038809906005,1535625635000,2018-08-30T10:40:35+00:00,perspective,False,90.45,6.05,124.7,34.25,34.25,1,Mapillary API,Mapillary
ADA_CurbRampPt_2899,columbia_heights_petworth,Fair,38.95298352840959,-77.02771208209002,926458581653451,data/images/mapillary_scaleup_development/ADA_CurbRampPt_2899/926458581653451.jpg,38.952963607567,-77.02820579986,1669219254301,2022-11-23T16:00:54.301000+00:00,perspective,False,259.24118614197,42.75,87.03,172.21,-172.21,0,Mapillary API,Mapillary
ADA_CurbRampPt_3417,columbia_heights_petworth,Fair,38.941810038782144,-77.0328468627307,1094579422012378,data/images/mapillary_scaleup_development/ADA_CurbRampPt_3417/1094579422012378.jpg,38.941822865391,-77.032727306139,1714834255192,2024-05-04T14:50:55.192000+00:00,fisheye,False,212.85886961672,10.44,262.15,49.29,49.29,1,Mapillary API,Mapillary
ADA_CurbRampPt_3417,columbia_heights_petworth,Fair,38.941810038782144,-77.0328468627307,1084478478840983,data/images/mapillary_scaleup_development/ADA_CurbRampPt_3417/1084478478840983.jpg,38.941875,-77.032962962963,1639126674000,2021-12-10T08:57:54+00:00,perspective,False,90.084810882163,12.37,125.73,35.65,35.65,1,Mapillary API,Mapillary
ADA_CurbRampPt_17124,columbia_heights_petworth,Fair,38.9573446347301,-77.02836388657408,1202272353551184,data/images/mapillary_scaleup_development/ADA_CurbRampPt_17124/1202272353551184.jpg,38.957318953835,-77.028463418115,1535498711624,2018-08-28T23:25:11.624000+00:00,perspective,False,78.884063720703,9.07,71.64,7.24,-7.24,1,Mapillary API,Mapillary
ADA_CurbRampPt_17124,columbia_heights_petworth,Fair,38.9573446347301,-77.02836388657408,1199524630944308,data/images/mapillary_scaleup_development/ADA_CurbRampPt_17124/1199524630944308.jpg,38.957264745846,-77.028461951041,1669135215301,2022-11-22T16:40:15.301000+00:00,perspective,False,81.202697753906,12.28,43.67,37.54,-37.54,1,Mapillary API,Mapillary
ADA_CurbRampPt_13112,columbia_heights_petworth,Good,38.95087675670894,-77.02212820043407,1233577567089153,data/images/mapillary_scaleup_development/ADA_CurbRampPt_13112/1233577567089153.jpg,38.950897826499,-77.022046462836,1607520295473,2020-12-09T13:24:55.473000+00:00,perspective,False,270.70455932617,7.45,251.66,19.04,-19.04,1,Mapillary API,Mapillary
ADA_CurbRampPt_13112,columbia_heights_petworth,Good,38.95087675670894,-77.02212820043407,1492683444587528,data/images/mapillary_scaleup_development/ADA_CurbRampPt_13112/1492683444587528.jpg,38.950963774321,-77.021919917263,1672346916674,2022-12-29T20:48:36.674000+00:00,perspective,False,257.23842334747,20.45,241.75,15.48,-15.48,1,Mapillary API,Mapillary
ADA_CurbRampPt_30713,columbia_heights_petworth,Good,38.934194648347074,-77.03283715252473,1055996394806196,data/images/mapillary_scaleup_development/ADA_CurbRampPt_30713/1055996394806196.jpg,38.934152152977,-77.032727010258,1546963219000,2019-01-08T16:00:19+00:00,perspective,False,0.67,10.63,296.38,64.29,-64.29,1,Mapillary API,Mapillary
ADA_CurbRampPt_30713,columbia_heights_petworth,Good,38.934194648347074,-77.03283715252473,138838024931839,data/images/mapillary_scaleup_development/ADA_CurbRampPt_30713/138838024931839.jpg,38.93409814691,-77.032717254353,1534870195000,2018-08-21T16:49:55+00:00,perspective,False,0.64,14.92,315.98,44.66,-44.66,1,Mapillary API,Mapillary
ADA_CurbRampPt_31366,columbia_heights_petworth,Good,38.946704167131664,-77.02192735742467,1098387670765495,data/images/mapillary_scaleup_development/ADA_CurbRampPt_31366/1098387670765495.jpg,38.94713292089,-77.02246372409,1639991760000,2021-12-20T09:16:00+00:00,perspective,False,155.66379366225,66.52,135.79,19.88,-19.88,1,Mapillary API,Mapillary
ADA_CurbRampPt_31366,columbia_heights_petworth,Good,38.946704167131664,-77.02192735742467,1185513375244907,data/images/mapillary_scaleup_development/ADA_CurbRampPt_31366/1185513375244907.jpg,38.947151657014,-77.022492241601,1565799032000,2019-08-14T16:10:32+00:00,perspective,False,157.9,69.73,135.53,22.37,-22.37,1,Mapillary API,Mapillary
ADA_CurbRampPt_19769,columbia_heights_petworth,Good,38.94179258991034,-77.02514394755327,1418039125212742,data/images/mapillary_scaleup_development/ADA_CurbRampPt_19769/1418039125212742.jpg,38.941760059399,-77.025460356002,1535283987000,2018-08-26T11:46:27+00:00,perspective,False,80.23,27.6,82.47,2.24,2.24,1,Mapillary API,Mapillary
ADA_CurbRampPt_19769,columbia_heights_petworth,Good,38.94179258991034,-77.02514394755327,1297468747318061,data/images/mapillary_scaleup_development/ADA_CurbRampPt_19769/1297468747318061.jpg,38.941688947857,-77.025519191347,1565100219000,2019-08-06T14:03:39+00:00,equirectangular,True,175.3,34.44,70.45,104.85,-104.85,1,Mapillary API,Mapillary
ADA_CurbRampPt_5665,columbia_heights_petworth,Good,38.959366596908744,-77.03332154387795,1240556954899039,data/images/mapillary_scaleup_development/ADA_CurbRampPt_5665/1240556954899039.jpg,38.959298577259,-77.033332276578,1787839534226,2026-08-27T14:05:34.226000+00:00,perspective,False,6,7.62,6.99,0.99,0.99,1,Mapillary API,Mapillary
ADA_CurbRampPt_5665,columbia_heights_petworth,Good,38.959366596908744,-77.03332154387795,1384473760458739,data/images/mapillary_scaleup_development/ADA_CurbRampPt_5665/1384473760458739.jpg,38.959246322049,-77.033360149062,1787839533760,2026-08-27T14:05:33.760000+00:00,perspective,False,350,13.78,14.01,24.01,24.01,1,Mapillary API,Mapillary
ADA_CurbRampPt_22154,columbia_heights_petworth,Good,38.942474067768195,-77.01930321691516,1005893856847547,data/images/mapillary_scaleup_development/ADA_CurbRampPt_22154/1005893856847547.jpg,38.942085270827,-77.019033193285,1546419433547,2019-01-02T08:57:13.547000+00:00,perspective,False,268.34384737148,49.14,331.62,63.28,63.28,1,Mapillary API,Mapillary
ADA_CurbRampPt_22154,columbia_heights_petworth,Good,38.942474067768195,-77.01930321691516,1067624930430706,data/images/mapillary_scaleup_development/ADA_CurbRampPt_22154/1067624930430706.jpg,38.942088105209,-77.019010207679,1535646330000,2018-08-30T16:25:30+00:00,perspective,False,285.33,49.84,329.44,44.11,44.11,1,Mapillary API,Mapillary
ADA_CurbRampPt_31784,columbia_heights_petworth,Missing,38.92667955408635,-77.02963003669694,1124593752967728,data/images/mapillary_scaleup_development/ADA_CurbRampPt_31784/1124593752967728.jpg,38.926721835019,-77.029153569677,1756385510480,2025-08-28T12:51:50.480000+00:00,spherical,True,92.74089512921,41.48,263.49,170.75,170.75,1,Mapillary API,Mapillary
ADA_CurbRampPt_31784,columbia_heights_petworth,Missing,38.92667955408635,-77.02963003669694,1007498993645976,data/images/mapillary_scaleup_development/ADA_CurbRampPt_31784/1007498993645976.jpg,38.9267213879,-77.029104090327,1701696174842,2023-12-04T13:22:54.842000+00:00,perspective,False,256.25057315826,45.73,264.16,7.91,7.91,1,Mapillary API,Mapillary
ADA_CurbRampPt_8054,columbia_heights_petworth,Missing,38.959519068806166,-77.01983813162283,1026602244834870,data/images/mapillary_scaleup_development/ADA_CurbRampPt_8054/1026602244834870.jpg,38.959504444349,-77.01983840508,1546422770343,2019-01-02T09:52:50.343000+00:00,fisheye,False,358.40545080615,1.63,0.83,2.43,2.43,1,Mapillary API,Mapillary
ADA_CurbRampPt_8054,columbia_heights_petworth,Missing,38.959519068806166,-77.01983813162283,1033408847196606,data/images/mapillary_scaleup_development/ADA_CurbRampPt_8054/1033408847196606.jpg,38.959539496495,-77.019875329334,1546434996681,2019-01-02T13:16:36.681000+00:00,fisheye,False,168.99905525198,3.94,125.23,43.77,-43.77,1,Mapillary API,Mapillary
ADA_CurbRampPt_16860,columbia_heights_petworth,Missing,38.9280739534795,-77.02297639217053,1264684023926685,data/images/mapillary_scaleup_development/ADA_CurbRampPt_16860/1264684023926685.jpg,38.928046130717,-77.023113469596,1514626341000,2017-12-30T09:32:21+00:00,perspective,False,325.55,12.25,75.38,109.83,109.83,0,Mapillary API,Mapillary
ADA_CurbRampPt_16860,columbia_heights_petworth,Missing,38.9280739534795,-77.02297639217053,1339214663128008,data/images/mapillary_scaleup_development/ADA_CurbRampPt_16860/1339214663128008.jpg,38.927966682793,-77.023101240798,1514626340000,2017-12-30T09:32:20+00:00,perspective,False,322.76,16.09,42.16,79.4,79.4,0,Mapillary API,Mapillary
ADA_CurbRampPt_33719,columbia_heights_petworth,Missing,38.92961777523702,-77.0296051286056,1203919316775658,data/images/mapillary_scaleup_development/ADA_CurbRampPt_33719/1203919316775658.jpg,38.929933518777,-77.02973595551,1606744244299,2020-11-30T13:50:44.299000+00:00,perspective,False,183.10946655273,36.89,162.13,20.98,-20.98,1,Mapillary API,Mapillary
ADA_CurbRampPt_33719,columbia_heights_petworth,Missing,38.92961777523702,-77.0296051286056,120807830847648,data/images/mapillary_scaleup_development/ADA_CurbRampPt_33719/120807830847648.jpg,38.929939821236,-77.029728054572,1670343290501,2022-12-06T16:14:50.501000+00:00,perspective,False,169.24610805511,37.36,163.46,5.78,-5.78,1,Mapillary API,Mapillary
ADA_CurbRampPt_28350,columbia_heights_petworth,Non-Compliant,38.92262483774415,-77.03662490952593,178380344191139,data/images/mapillary_scaleup_development/ADA_CurbRampPt_28350/178380344191139.jpg,38.922429838969,-77.03705997372,1564252519000,2019-07-27T18:35:19+00:00,equirectangular,True,233,43.44,60.05,172.95,-172.95,1,Mapillary API,Mapillary
ADA_CurbRampPt_28350,columbia_heights_petworth,Non-Compliant,38.92262483774415,-77.03662490952593,136452718886753,data/images/mapillary_scaleup_development/ADA_CurbRampPt_28350/136452718886753.jpg,38.922407427279,-77.037115623262,1601144346000,2020-09-26T18:19:06+00:00,spherical,True,233.8,48.85,60.34,173.46,-173.46,1,Mapillary API,Mapillary
ADA_CurbRampPt_13132,columbia_heights_petworth,Non-Compliant,38.94832898089922,-77.02200368230952,1118208122175220,data/images/mapillary_scaleup_development/ADA_CurbRampPt_13132/1118208122175220.jpg,38.948231277828,-77.021969567365,1672772353716,2023-01-03T18:59:13.716000+00:00,perspective,False,-8.7610015869141,11.26,344.81,6.43,-6.43,1,Mapillary API,Mapillary
ADA_CurbRampPt_13132,columbia_heights_petworth,Non-Compliant,38.94832898089922,-77.02200368230952,1114229912752345,data/images/mapillary_scaleup_development/ADA_CurbRampPt_13132/1114229912752345.jpg,38.948216252543,-77.021931191019,1598970638000,2020-09-01T14:30:38+00:00,spherical,True,176.7,14.02,333.43,156.73,156.73,1,Mapillary API,Mapillary
ADA_CurbRampPt_5286,columbia_heights_petworth,Non-Compliant,38.93836118806195,-77.01673414941789,180425980944870,data/images/mapillary_scaleup_development/ADA_CurbRampPt_5286/180425980944870.jpg,38.938196795661,-77.017041377294,1565286101500,2019-08-08T17:41:41.500000+00:00,spherical,True,221.9,32.25,55.47,166.43,-166.43,1,Mapillary API,Mapillary
ADA_CurbRampPt_5286,columbia_heights_petworth,Non-Compliant,38.93836118806195,-77.01673414941789,137751705559087,data/images/mapillary_scaleup_development/ADA_CurbRampPt_5286/137751705559087.jpg,38.938194906854,-77.017052974906,1606235477500,2020-11-24T16:31:17.500000+00:00,spherical,True,222,33.2,56.16,165.84,-165.84,1,Mapillary API,Mapillary
ADA_CurbRampPt_17245,columbia_heights_petworth,Non-Compliant,38.937555565721254,-77.02727272637662,1197522777839288,data/images/mapillary_scaleup_development/ADA_CurbRampPt_17245/1197522777839288.jpg,38.937396576506,-77.027204578766,1669644438687,2022-11-28T14:07:18.687000+00:00,perspective,False,348.21108722687,18.64,341.56,6.65,-6.65,1,Mapillary API,Mapillary
ADA_CurbRampPt_17245,columbia_heights_petworth,Non-Compliant,38.937555565721254,-77.02727272637662,1360588027811701,data/images/mapillary_scaleup_development/ADA_CurbRampPt_17245/1360588027811701.jpg,38.937352131844,-77.027207143589,1669752233680,2022-11-29T20:03:53.680000+00:00,perspective,False,-10.756591060814,23.32,345.92,3.32,-3.32,1,Mapillary API,Mapillary
ADA_CurbRampPt_18370,columbia_heights_petworth,Non-Compliant,38.933501846946285,-77.02624654687698,1285796622255213,data/images/mapillary_scaleup_development/ADA_CurbRampPt_18370/1285796622255213.jpg,38.933486974362,-77.026325593252,1670341906280,2022-12-06T15:51:46.280000+00:00,perspective,False,18.308144569397,7.03,76.4,58.09,58.09,1,Mapillary API,Mapillary
ADA_CurbRampPt_18370,columbia_heights_petworth,Non-Compliant,38.933501846946285,-77.02624654687698,1199487364179429,data/images/mapillary_scaleup_development/ADA_CurbRampPt_18370/1199487364179429.jpg,38.933520904751,-77.026327258309,1607109125500,2020-12-04T19:12:05.500000+00:00,spherical,True,30.9,7.3,106.89,75.99,75.99,1,Mapillary API,Mapillary
ADA_CurbRampPt_18235,navy_yard_capitol_riverfront,Fair,38.8783516516451,-76.9995996473107,1492020177957245,data/images/mapillary_scaleup_development/ADA_CurbRampPt_18235/1492020177957245.jpg,38.878339821468,-76.999550830737,1670078754471,2022-12-03T14:45:54.471000+00:00,perspective,False,-8.2918019294739,4.43,287.29,64.42,-64.42,1,Mapillary API,Mapillary
ADA_CurbRampPt_18235,navy_yard_capitol_riverfront,Fair,38.8783516516451,-76.9995996473107,183620380317881,data/images/mapillary_scaleup_development/ADA_CurbRampPt_18235/183620380317881.jpg,38.878386928411,-76.99954592834,1576691519000,2019-12-18T17:51:59+00:00,equirectangular,True,357.2,6.08,229.85,127.35,-127.35,1,Mapillary API,Mapillary
ADA_CurbRampPt_13134,navy_yard_capitol_riverfront,Fair,38.88568661940215,-77.00065393646626,1253927512080773,data/images/mapillary_scaleup_development/ADA_CurbRampPt_13134/1253927512080773.jpg,38.885436027625,-77.001074466252,1607628431500,2020-12-10T19:27:11.500000+00:00,spherical,True,242.6,45.84,52.56,169.96,169.96,1,Mapillary API,Mapillary
ADA_CurbRampPt_13134,navy_yard_capitol_riverfront,Fair,38.88568661940215,-77.00065393646626,121656597301726,data/images/mapillary_scaleup_development/ADA_CurbRampPt_13134/121656597301726.jpg,38.885402937622,-77.001073381399,1638280790000,2021-11-30T13:59:50+00:00,perspective,False,54.51557437414,48.09,49.01,5.5,-5.5,1,Mapillary API,Mapillary
ADA_CurbRampPt_30857,navy_yard_capitol_riverfront,Fair,38.8852956158599,-76.98659136018951,1054437578810623,data/images/mapillary_scaleup_development/ADA_CurbRampPt_30857/1054437578810623.jpg,38.885428552606,-76.986561424065,1606932779000,2020-12-02T18:12:59+00:00,spherical,True,326.7,15.01,189.94,136.76,-136.76,1,Mapillary API,Mapillary
ADA_CurbRampPt_30857,navy_yard_capitol_riverfront,Fair,38.8852956158599,-76.98659136018951,1033991370805417,data/images/mapillary_scaleup_development/ADA_CurbRampPt_30857/1033991370805417.jpg,38.885371014525,-76.986745574128,1602089892000,2020-10-07T16:58:12+00:00,spherical,True,270.1,15.76,122.13,147.97,-147.97,1,Mapillary API,Mapillary
ADA_CurbRampPt_12580,navy_yard_capitol_riverfront,Fair,38.87835059305505,-77.00495685802292,555355986171786,data/images/mapillary_scaleup_development/ADA_CurbRampPt_12580/555355986171786.jpg,38.878410995612,-77.004662566315,1645107073000,2022-02-17T14:11:13+00:00,perspective,False,272.116,26.35,255.23,16.89,-16.89,1,Mapillary API,Mapillary
ADA_CurbRampPt_12580,navy_yard_capitol_riverfront,Fair,38.87835059305505,-77.00495685802292,3513063955588184,data/images/mapillary_scaleup_development/ADA_CurbRampPt_12580/3513063955588184.jpg,38.878406900063,-77.004632667521,1645107073000,2022-02-17T14:11:13+00:00,perspective,False,272.116,28.75,257.42,14.69,-14.69,1,Mapillary API,Mapillary
ADA_CurbRampPt_27075,navy_yard_capitol_riverfront,Fair,38.88112961025937,-77.00890032122895,1022481341964249,data/images/mapillary_scaleup_development/ADA_CurbRampPt_27075/1022481341964249.jpg,38.881376314417,-77.008775524093,1607011334666,2020-12-03T16:02:14.666000+00:00,spherical,True,109.6,29.48,201.49,91.89,91.89,1,Mapillary API,Mapillary
ADA_CurbRampPt_27075,navy_yard_capitol_riverfront,Fair,38.88112961025937,-77.00890032122895,115596297852455,data/images/mapillary_scaleup_development/ADA_CurbRampPt_27075/115596297852455.jpg,38.881424735672,-77.008727051762,1605453454500,2020-11-15T15:17:34.500000+00:00,spherical,True,110,36.08,204.56,94.56,94.56,1,Mapillary API,Mapillary
ADA_CurbRampPt_33297,navy_yard_capitol_riverfront,Fair,38.87466943686707,-76.99166982307699,1118886395719572,data/images/mapillary_scaleup_development/ADA_CurbRampPt_33297/1118886395719572.jpg,38.874729822638,-76.991572079379,1638455903000,2021-12-02T14:38:23+00:00,perspective,False,180,10.8,231.57,51.57,51.57,1,Mapillary API,Mapillary
ADA_CurbRampPt_33297,navy_yard_capitol_riverfront,Fair,38.87466943686707,-76.99166982307699,1007099243363793,data/images/mapillary_scaleup_development/ADA_CurbRampPt_33297/1007099243363793.jpg,38.87479574604,-76.991627430458,1568478334000,2019-09-14T16:25:34+00:00,equirectangular,True,359.9,14.52,194.64,165.26,-165.26,1,Mapillary API,Mapillary
ADA_CurbRampPt_25527,navy_yard_capitol_riverfront,Good,38.88991085909801,-76.9927088835384,1055618315357066,data/images/mapillary_scaleup_development/ADA_CurbRampPt_25527/1055618315357066.jpg,38.889872643918,-76.993094061762,1603815001000,2020-10-27T16:10:01+00:00,spherical,True,269.4,33.61,82.74,173.34,173.34,1,Mapillary API,Mapillary
ADA_CurbRampPt_25527,navy_yard_capitol_riverfront,Good,38.88991085909801,-76.9927088835384,118927373597542,data/images/mapillary_scaleup_development/ADA_CurbRampPt_25527/118927373597542.jpg,38.889809495096,-76.99316085275,1573139784000,2019-11-07T15:16:24+00:00,perspective,False,89.9,40.71,73.93,15.97,-15.97,1,Mapillary API,Mapillary
ADA_CurbRampPt_34156,navy_yard_capitol_riverfront,Good,38.88599994088841,-77.01179214355344,476627540272236,data/images/mapillary_scaleup_development/ADA_CurbRampPt_34156/476627540272236.jpg,38.886231194989,-77.012193344112,1564677871000,2019-08-01T16:44:31+00:00,equirectangular,True,303.7,43.21,126.52,177.18,-177.18,1,Mapillary API,Mapillary
ADA_CurbRampPt_34156,navy_yard_capitol_riverfront,Good,38.88599994088841,-77.01179214355344,209503877657555,data/images/mapillary_scaleup_development/ADA_CurbRampPt_34156/209503877657555.jpg,38.886191531629,-77.012272986492,1565875877500,2019-08-15T13:31:17.500000+00:00,equirectangular,True,313.7,46.75,117.11,163.41,163.41,1,Mapillary API,Mapillary
ADA_CurbRampPt_34719,navy_yard_capitol_riverfront,Good,38.89087855346415,-76.98544610992076,239318791381452,data/images/mapillary_scaleup_development/ADA_CurbRampPt_34719/239318791381452.jpg,38.890929934317,-76.985903430117,1573925278872,2019-11-16T17:27:58.872000+00:00,perspective,False,78.506896972656,39.99,98.21,19.71,19.71,1,Mapillary API,Mapillary
ADA_CurbRampPt_34719,navy_yard_capitol_riverfront,Good,38.89087855346415,-76.98544610992076,1040093966733603,data/images/mapillary_scaleup_development/ADA_CurbRampPt_34719/1040093966733603.jpg,38.890931677777,-76.985924765966,1607435306747,2020-12-08T13:48:26.747000+00:00,perspective,False,90,41.85,98.12,8.12,8.12,1,Mapillary API,Mapillary
ADA_CurbRampPt_16824,navy_yard_capitol_riverfront,Good,38.888782094868176,-76.9925638240695,1061011771857090,data/images/mapillary_scaleup_development/ADA_CurbRampPt_16824/1061011771857090.jpg,38.888914857623,-76.99242104605,1706639158567,2024-01-30T18:25:58.567000+00:00,perspective,False,163.23736667633,19.25,219.93,56.69,56.69,1,Mapillary API,Mapillary
ADA_CurbRampPt_16824,navy_yard_capitol_riverfront,Good,38.888782094868176,-76.9925638240695,1452899796554832,data/images/mapillary_scaleup_development/ADA_CurbRampPt_16824/1452899796554832.jpg,38.888916948711,-76.9924230712,1764596375459,2025-12-01T13:39:35.459000+00:00,perspective,False,223,19.32,219.09,3.91,-3.91,1,Mapillary API,Mapillary
ADA_CurbRampPt_31623,navy_yard_capitol_riverfront,Good,38.88660699025948,-76.99852358282406,3004386133184593,data/images/mapillary_scaleup_development/ADA_CurbRampPt_31623/3004386133184593.jpg,38.886600938822,-76.99843627132,1607802141500,2020-12-12T19:42:21.500000+00:00,spherical,True,359.8,7.59,275.09,84.71,-84.71,1,Mapillary API,Mapillary
ADA_CurbRampPt_31623,navy_yard_capitol_riverfront,Good,38.88660699025948,-76.99852358282406,313753310877871,data/images/mapillary_scaleup_development/ADA_CurbRampPt_31623/313753310877871.jpg,38.886489763305,-76.998542989498,1579966606133,2020-01-25T15:36:46.133000+00:00,perspective,False,358.33947753906,13.14,7.34,9.0,9.0,1,Mapillary API,Mapillary
ADA_CurbRampPt_23858,navy_yard_capitol_riverfront,Good,38.87993503214102,-77.00069157249165,105292408930166,data/images/mapillary_scaleup_development/ADA_CurbRampPt_23858/105292408930166.jpg,38.880151515152,-77.001055555556,1644842554000,2022-02-14T12:42:34+00:00,perspective,False,110.09140238759,39.65,127.38,17.29,17.29,1,Mapillary API,Mapillary
ADA_CurbRampPt_23858,navy_yard_capitol_riverfront,Good,38.87993503214102,-77.00069157249165,1091421541381555,data/images/mapillary_scaleup_development/ADA_CurbRampPt_23858/1091421541381555.jpg,38.879967040984,-77.001179199021,1576689488500,2019-12-18T17:18:08.500000+00:00,equirectangular,True,289.3,42.36,94.82,165.52,165.52,1,Mapillary API,Mapillary
ADA_CurbRampPt_8198,navy_yard_capitol_riverfront,Missing,38.873043529433374,-77.01224247889041,1040525639865135,data/images/mapillary_scaleup_development/ADA_CurbRampPt_8198/1040525639865135.jpg,38.873017229563,-77.012189063138,1601322634000,2020-09-28T19:50:34+00:00,spherical,True,179.4,5.47,302.31,122.91,122.91,1,Mapillary API,Mapillary
ADA_CurbRampPt_8198,navy_yard_capitol_riverfront,Missing,38.873043529433374,-77.01224247889041,135621452644252,data/images/mapillary_scaleup_development/ADA_CurbRampPt_8198/135621452644252.jpg,38.873006183242,-77.012296140913,1645097820000,2022-02-17T11:37:00+00:00,perspective,False,0,6.23,48.21,48.21,48.21,1,Mapillary API,Mapillary
ADA_CurbRampPt_15546,navy_yard_capitol_riverfront,Missing,38.88045257026634,-77.00356892172714,1276003466503942,data/images/mapillary_scaleup_development/ADA_CurbRampPt_15546/1276003466503942.jpg,38.880811380002,-77.00385142726,1643109040000,2022-01-25T11:10:40+00:00,perspective,False,93.278296534237,46.8,148.5,55.22,55.22,1,Mapillary API,Mapillary
ADA_CurbRampPt_15546,navy_yard_capitol_riverfront,Missing,38.88045257026634,-77.00356892172714,127473719802037,data/images/mapillary_scaleup_development/ADA_CurbRampPt_15546/127473719802037.jpg,38.880865172761,-77.003853532934,1601319901000,2020-09-28T19:05:01+00:00,spherical,True,289.6,52.08,151.77,137.83,-137.83,1,Mapillary API,Mapillary
ADA_CurbRampPt_24263,navy_yard_capitol_riverfront,Missing,38.89352183474524,-76.99835933252062,1000109587347465,data/images/mapillary_scaleup_development/ADA_CurbRampPt_24263/1000109587347465.jpg,38.893654372069,-76.998422358106,1610471237000,2021-01-12T17:07:17+00:00,spherical,True,8.4,15.71,159.69,151.29,151.29,1,Mapillary API,Mapillary
ADA_CurbRampPt_24263,navy_yard_capitol_riverfront,Missing,38.89352183474524,-76.99835933252062,1060675498510698,data/images/mapillary_scaleup_development/ADA_CurbRampPt_24263/1060675498510698.jpg,38.893824275411,-76.998458446191,1704373220538,2024-01-04T13:00:20.538000+00:00,perspective,False,217.23960971832,34.71,165.69,51.55,-51.55,1,Mapillary API,Mapillary
ADA_CurbRampPt_27681,navy_yard_capitol_riverfront,Missing,38.887527415045085,-76.99381626848489,1431725947214102,data/images/mapillary_scaleup_development/ADA_CurbRampPt_27681/1431725947214102.jpg,38.887377126523,-76.993750540853,1608664418680,2020-12-22T19:13:38.680000+00:00,perspective,False,3.65283203125,17.65,341.2,22.45,-22.45,1,Mapillary API,Mapillary
ADA_CurbRampPt_27681,navy_yard_capitol_riverfront,Missing,38.887527415045085,-76.99381626848489,1577393279300860,data/images/mapillary_scaleup_development/ADA_CurbRampPt_27681/1577393279300860.jpg,38.88736521635,-76.993744753324,1601383121000,2020-09-29T12:38:41+00:00,spherical,True,180.3,19.07,341.06,160.76,160.76,1,Mapillary API,Mapillary
ADA_CurbRampPt_14345,navy_yard_capitol_riverfront,Non-Compliant,38.88268461042921,-76.99368058808355,1196165390884851,data/images/mapillary_scaleup_development/ADA_CurbRampPt_14345/1196165390884851.jpg,38.882696553384,-76.993732302252,1573920174334,2019-11-16T16:02:54.334000+00:00,perspective,False,71.768127441406,4.67,106.52,34.76,34.76,1,Mapillary API,Mapillary
ADA_CurbRampPt_14345,navy_yard_capitol_riverfront,Non-Compliant,38.88268461042921,-76.99368058808355,1500043884155062,data/images/mapillary_scaleup_development/ADA_CurbRampPt_14345/1500043884155062.jpg,38.882734282709,-76.993661614616,1671398076420,2022-12-18T21:14:36.420000+00:00,fisheye,False,139.66212873179,5.76,196.56,56.9,56.9,1,Mapillary API,Mapillary
ADA_CurbRampPt_34431,navy_yard_capitol_riverfront,Non-Compliant,38.87846802674341,-76.99942083376978,1369711183983536,data/images/mapillary_scaleup_development/ADA_CurbRampPt_34431/1369711183983536.jpg,38.878427700002,-76.999481799998,1700656934289,2023-11-22T12:42:14.289000+00:00,perspective,False,51.242195129395,6.93,49.65,1.6,-1.6,1,Mapillary API,Mapillary
ADA_CurbRampPt_34431,navy_yard_capitol_riverfront,Non-Compliant,38.87846802674341,-76.99942083376978,1212608199635564,data/images/mapillary_scaleup_development/ADA_CurbRampPt_34431/1212608199635564.jpg,38.878416666667,-76.999365079365,1645106989000,2022-02-17T14:09:49+00:00,perspective,False,270.00001698363,7.48,319.8,49.8,49.8,1,Mapillary API,Mapillary
ADA_CurbRampPt_8392,navy_yard_capitol_riverfront,Non-Compliant,38.89115385304683,-76.9938236529943,1082894039622505,data/images/mapillary_scaleup_development/ADA_CurbRampPt_8392/1082894039622505.jpg,38.891234183441,-76.993822083112,1704373414672,2024-01-04T13:03:34.672000+00:00,perspective,False,209.23749065399,8.93,180.87,28.37,-28.37,1,Mapillary API,Mapillary
ADA_CurbRampPt_8392,navy_yard_capitol_riverfront,Non-Compliant,38.89115385304683,-76.9938236529943,131522832927771,data/images/mapillary_scaleup_development/ADA_CurbRampPt_8392/131522832927771.jpg,38.891250613553,-76.9938777927,1638536357000,2021-12-03T12:59:17+00:00,perspective,False,118.2974144828,11.74,156.47,38.17,38.17,1,Mapillary API,Mapillary
ADA_CurbRampPt_16513,navy_yard_capitol_riverfront,Non-Compliant,38.89474277066115,-76.99961027392658,1214196925696924,data/images/mapillary_scaleup_development/ADA_CurbRampPt_16513/1214196925696924.jpg,38.894455592106,-76.999499605748,1611243851935,2021-01-21T15:44:11.935000+00:00,perspective,False,359.46856689453,33.34,343.3,16.16,-16.16,1,Mapillary API,Mapillary
ADA_CurbRampPt_16513,navy_yard_capitol_riverfront,Non-Compliant,38.89474277066115,-76.99961027392658,1123575982135609,data/images/mapillary_scaleup_development/ADA_CurbRampPt_16513/1123575982135609.jpg,38.894452928699,-76.999506156653,1703961838317,2023-12-30T18:43:58.317000+00:00,perspective,False,49.240014076233,33.46,344.38,64.86,-64.86,1,Mapillary API,Mapillary
ADA_CurbRampPt_19864,navy_yard_capitol_riverfront,Non-Compliant,38.87472427157357,-77.0105778834377,1311598279417141,data/images/mapillary_scaleup_development/ADA_CurbRampPt_19864/1311598279417141.jpg,38.874652777778,-77.010370924817,1645101279000,2022-02-17T12:34:39+00:00,perspective,False,270.00001919698,19.6,293.93,23.93,23.93,1,Mapillary API,Mapillary
ADA_CurbRampPt_19864,navy_yard_capitol_riverfront,Non-Compliant,38.87472427157357,-77.0105778834377,145337464662121,data/images/mapillary_scaleup_development/ADA_CurbRampPt_19864/145337464662121.jpg,38.874652777778,-77.010312071331,1645101278000,2022-02-17T12:34:38+00:00,perspective,False,270.00001847036,24.35,289.06,19.06,19.06,1,Mapillary API,Mapillary
