assumed_horizontal_fov_degrees,attribution,bearing_to_record_deg,camera_type,captured_at,captured_at_iso,compass_angle,crop_sha256,distance_to_record_m,faces_target,heading_difference_deg,image_id,image_latitude,image_longitude,image_path,inventory_condition,is_pano,projection_method,record_id,record_latitude,record_longitude,signed_heading_difference_deg,source,source_image_path,source_image_sha256,source_is_pano,study_area
90.0,Mapillary,192.71,spherical,1604671217500,2020-11-06T14:00:17.500000+00:00,297.9,0a9c75a6118e282000fc65909757f6c25fed365e64160ffa2babf80375c2a426,14.85,1,0,1463505824089475,38.868661728329,-76.958683944269,data/images/mapillary_scaleup_development_target_crops/ADA_CurbRampPt_1495/1463505824089475.jpg,Fair,0,equirectangular_to_perspective,ADA_CurbRampPt_1495,38.86853145248082,-76.95872168485694,0,Mapillary API,data/images/mapillary_scaleup_development/ADA_CurbRampPt_1495/1463505824089475.jpg,764206b6becd9ee431579353fb3bf35433f7bd50e482de249747e6771cc98d75,1,anacostia_fairlawn
90.0,Mapillary,173.01,spherical,1604671218000,2020-11-06T14:00:18+00:00,297.7,19d09fd9957392e1f0b7b8e11b3e0daf30dcf857f2d08749e6de99812ef8d401,17.45,1,0,172693305215677,38.868687233192,-76.958746216328,data/images/mapillary_scaleup_development_target_crops/ADA_CurbRampPt_1495/172693305215677.jpg,Fair,0,equirectangular_to_perspective,ADA_CurbRampPt_1495,38.86853145248082,-76.95872168485694,0,Mapillary API,data/images/mapillary_scaleup_development/ADA_CurbRampPt_1495/172693305215677.jpg,5ed7d865d435077c1766dddbca96761160c176d204b69ca3288938f64866a516,1,anacostia_fairlawn
90.0,Mapillary,314.63,spherical,1605030139500,2020-11-10T17:42:19.500000+00:00,226.5,ef12a3e0e6c4caa32868f46faefc43fd7e46c5bd2c6c04d21db3b088c984936b,63.07,1,0,1134295593800317,38.85969175,-76.967518245302,data/images/mapillary_scaleup_development_target_crops/ADA_CurbRampPt_15555/1134295593800317.jpg,Fair,0,equirectangular_to_perspective,ADA_CurbRampPt_15555,38.86009023242576,-76.96803664740125,0,Mapillary API,data/images/mapillary_scaleup_development/ADA_CurbRampPt_15555/1134295593800317.jpg,c921f6d2bf76a8b424dc79b5d64d4c97200862ef8a4172913276bc51fc60c165,1,anacostia_fairlawn
90.0,Mapillary,309.86,spherical,1605038778000,2020-11-10T20:06:18+00:00,226.5,2ebe388d3293680b0f77e02048f4a02d224fb0eae21487c5d30cc14222b901d3,66.22,1,0,108964308466481,38.859708561838,-76.96744960674,data/images/mapillary_scaleup_development_target_crops/ADA_CurbRampPt_15555/108964308466481.jpg,Fair,0,equirectangular_to_perspective,ADA_CurbRampPt_15555,38.86009023242576,-76.96803664740125,0,Mapillary API,data/images/mapillary_scaleup_development/ADA_CurbRampPt_15555/108964308466481.jpg,61bf1e319f84cfed4f7dcab23d5c1440fe77f4b301c4cc387e7d923bca6a006d,1,anacostia_fairlawn
90.0,Mapillary,267.82,spherical,1602098198500,2020-10-07T19:16:38.500000+00:00,179.2,fabca4aaa0bfc77e555d5f82575838efa5dc76e80dd7b79e33d97f7c0754e09c,8.15,1,0,107771068534708,38.879082977211,-76.983652689147,data/images/mapillary_scaleup_development_target_crops/ADA_CurbRampPt_29643/107771068534708.jpg,Fair,0,equirectangular_to_perspective,ADA_CurbRampPt_29643,38.87908018354833,-76.98374674675763,0,Mapillary API,data/images/mapillary_scaleup_development/ADA_CurbRampPt_29643/107771068534708.jpg,900411399eeb2a0d8998369ecb136c805b441aa94eee61d866e75cd30164c79c,1,anacostia_fairlawn
90.0,Mapillary,256.22,perspective,1702566533080,2023-12-14T15:08:53.080000+00:00,226.2225446701,7656ec2621c2819cfba2a136e41b4bdcce2432e2c34b56b6605e46948d8d0e85,1.46,1,0,3411558199155301,38.867925200486,-76.95999855931,data/images/mapillary_scaleup_development_target_crops/ADA_CurbRampPt_18040/3411558199155301.jpg,Fair,0,directional_bearing_crop,ADA_CurbRampPt_18040,38.867922074464865,-76.96001492991232,0,Mapillary API,data/images/mapillary_scaleup_development/ADA_CurbRampPt_18040/3411558199155301.jpg,445d639625e6e07655dc25c8919319ab2b0e28a62721265449cc49dac897ea2d,0,anacostia_fairlawn
90.0,Mapillary,260.97,perspective,1702561857841,2023-12-14T13:50:57.841000+00:00,246.22249698639,f2c8872d57fb890fcf9f96b44aa3eebd41edcfefc734255d949c1f4c2bc76e19,4.43,1,0,304640595758625,38.867928326973,-76.959964422086,data/images/mapillary_scaleup_development_target_crops/ADA_CurbRampPt_18040/304640595758625.jpg,Fair,0,directional_bearing_crop,ADA_CurbRampPt_18040,38.867922074464865,-76.96001492991232,0,Mapillary API,data/images/mapillary_scaleup_development/ADA_CurbRampPt_18040/304640595758625.jpg,ce26946bfd5182df591a6e683e0da2142bf9b73bd968632dd38e4e5f99aad6d2,0,anacostia_fairlawn
90.0,Mapillary,324.42,perspective,1780925732717,2026-06-08T13:35:32.717000+00:00,301,f025ce7c98932a14817409ec754ee948f75911cee545f216652df350582e5b1e,37.17,1,0,1039410298426788,38.859280478272,-76.986589946346,data/images/mapillary_scaleup_development_target_crops/ADA_CurbRampPt_24464/1039410298426788.jpg,Fair,0,directional_bearing_crop,ADA_CurbRampPt_24464,38.85955238002881,-76.98683971283374,0,Mapillary API,data/images/mapillary_scaleup_development/ADA_CurbRampPt_24464/1039410298426788.jpg,1e227cadbc8df0f16f634d05b5d9be2b12a2e033453b7a78ef054515ff98dd4c,0,anacostia_fairlawn
90.0,Mapillary,323.0,perspective,1637069821000,2021-11-16T13:37:01+00:00,314.62404640348,203f21cd2f747f9bd0d72a3877e05b9c53ee631337cb6a23a046e9a4e919773e,37.19,1,0,1132852003967538,38.859285247356,-76.986581198038,data/images/mapillary_scaleup_development_target_crops/ADA_CurbRampPt_24464/1132852003967538.jpg,Fair,0,directional_bearing_crop,ADA_CurbRampPt_24464,38.85955238002881,-76.98683971283374,0,Mapillary API,data/images/mapillary_scaleup_development/ADA_CurbRampPt_24464/1132852003967538.jpg,5daef18232437834bed0c6cc8239984bd3a6cbcb978f4d44069245bc4214e538,0,anacostia_fairlawn
90.0,Mapillary,56.74,perspective,1573478381090,2019-11-11T13:19:41.090000+00:00,30.077453613281,806cab474e03c8ab02910c9173f0e0793d617df6e7f55bf2e2d93efb90707f8e,21.05,1,0,356554336131138,38.86046072516,-76.988771099099,data/images/mapillary_scaleup_development_target_crops/ADA_CurbRampPt_29685/356554336131138.jpg,Good,0,directional_bearing_crop,ADA_CurbRampPt_29685,38.860564569989826,-76.9885677977928,0,Mapillary API,data/images/mapillary_scaleup_development/ADA_CurbRampPt_29685/356554336131138.jpg,1b817ccd2ad270bf48bed97ed44de140f0bbfa7f767e4b31df6cb8312aeed3a7,0,anacostia_fairlawn
90.0,Mapillary,51.71,spherical,1602350483000,2020-10-10T17:21:23+00:00,219.5,067711ad7672a6aec421f5da27f1fc05e6cb301489ac22c14215c6a697d4c5a1,22.56,1,0,3113799012282169,38.860438875638,-76.988772295726,data/images/mapillary_scaleup_development_target_crops/ADA_CurbRampPt_29685/3113799012282169.jpg,Good,0,equirectangular_to_perspective,ADA_CurbRampPt_29685,38.860564569989826,-76.9885677977928,0,Mapillary API,data/images/mapillary_scaleup_development/ADA_CurbRampPt_29685/3113799012282169.jpg,716cbccaaa590aa0112aedd10faefe98e7524343665944581846187dd5c83d00,1,anacostia_fairlawn
90.0,Mapillary,50.76,equirectangular,1573407356500,2019-11-10T17:35:56.500000+00:00,282.8,02881b1709000542f0b60b19166c15271ea59895b9bf3ab0230905ffae4cb1a3,5.05,1,0,1087808391749879,38.867180575263,-76.987179378915,data/images/mapillary_scaleup_development_target_crops/ADA_CurbRampPt_21231/1087808391749879.jpg,Good,0,equirectangular_to_perspective,ADA_CurbRampPt_21231,38.867209304774356,-76.98713419877689,0,Mapillary API,data/images/mapillary_scaleup_development/ADA_CurbRampPt_21231/1087808391749879.jpg,d01f2e2c323b7e85446edb592c964e093b8a03436a25893e8706ea36aff40b7e,1,anacostia_fairlawn
90.0,Mapillary,252.13,spherical,1602181258500,2020-10-08T18:20:58.500000+00:00,32.3,59d1d141877b2a7f25aabdc234fff2034d11c5379ef2a6a1a9c154f25d7da16c,11.51,1,0,1001758227397335,38.865444577895,-76.976084543163,data/images/mapillary_scaleup_development_target_crops/ADA_CurbRampPt_14660/1001758227397335.jpg,Good,0,equirectangular_to_perspective,ADA_CurbRampPt_14660,38.86541281101138,-76.97621105506252,0,Mapillary API,data/images/mapillary_scaleup_development/ADA_CurbRampPt_14660/1001758227397335.jpg,40cfc588a44bd5a4bd3de88db1f6a4ac052c730d034f2cebac347057f1af4ef4,1,anacostia_fairlawn
90.0,Mapillary,150.24,perspective,1730464559488,2024-11-01T12:35:59.488000+00:00,142,e56e43cfb7b574be66dd4a1b0ff64ba57f405069bf1ead9e1c11afde7174b6c4,13.46,1,0,1241235830529773,38.865517869577,-76.976288204974,data/images/mapillary_scaleup_development_target_crops/ADA_CurbRampPt_14660/1241235830529773.jpg,Good,0,directional_bearing_crop,ADA_CurbRampPt_14660,38.86541281101138,-76.97621105506252,0,Mapillary API,data/images/mapillary_scaleup_development/ADA_CurbRampPt_14660/1241235830529773.jpg,3614542d1c71bcddef6abffc32d2b17a3baf550125f2ca97881d5ed13b47afe4,0,anacostia_fairlawn
90.0,Mapillary,14.79,spherical,1602346131000,2020-10-10T16:08:51+00:00,226.7,f334ec7077e432c98afc7ec9d1bf0a36c9449c7ce3bd88770075764a0a804728,9.45,1,0,1078823796179348,38.855170045496,-76.969917359314,data/images/mapillary_scaleup_development_target_crops/ADA_CurbRampPt_32546/1078823796179348.jpg,Good,0,equirectangular_to_perspective,ADA_CurbRampPt_32546,38.855252255745675,-76.96988948795403,0,Mapillary API,data/images/mapillary_scaleup_development/ADA_CurbRampPt_32546/1078823796179348.jpg,720ee4363a418b4bc6b38525b23c4a9b7bd65dce1fb4666e5cb55afc170b4fc1,1,anacostia_fairlawn
90.0,Mapillary,62.86,spherical,1605027328000,2020-11-10T16:55:28+00:00,252.5,c1520b054d09606c9b778d1eba02ac209157522b589e3726e2ad7c9bf9fa1c12,25.15,1,0,1163270917568160,38.862167637912,-76.957910205119,data/images/mapillary_scaleup_development_target_crops/ADA_CurbRampPt_2541/1163270917568160.jpg,Missing,0,equirectangular_to_perspective,ADA_CurbRampPt_2541,38.862270832299565,-76.95765168636848,0,Mapillary API,data/images/mapillary_scaleup_development/ADA_CurbRampPt_2541/1163270917568160.jpg,b80b90e1d325d2087ce36d1bfe50405db33f2d4cb73ea3e56c1da04bf8fb5e54,1,anacostia_fairlawn
90.0,Mapillary,56.16,perspective,1702400155193,2023-12-12T16:55:55.193000+00:00,61.222418785095,98f46cb078ece1f3ad51d03353bd91156091ef2cdb41e80725968b413dff540d,26.21,1,0,1060463751769459,38.862139577298,-76.957903152001,data/images/mapillary_scaleup_development_target_crops/ADA_CurbRampPt_2541/1060463751769459.jpg,Missing,0,directional_bearing_crop,ADA_CurbRampPt_2541,38.862270832299565,-76.95765168636848,0,Mapillary API,data/images/mapillary_scaleup_development/ADA_CurbRampPt_2541/1060463751769459.jpg,40ade0caf5a6e85fea16bdf5cf5922188f710a3a0f3282e4c73b3a7ba2327d67,0,anacostia_fairlawn
90.0,Mapillary,269.22,perspective,1733926412734,2024-12-11T14:13:32.734000+00:00,284,81301b8a95679cba435917cc4c0f6b4a224bf9ef39b93c7a03439347246232d9,2.16,1,0,1145904273555095,38.872409617259,-76.959185739742,data/images/mapillary_scaleup_development_target_crops/ADA_CurbRampPt_21131/1145904273555095.jpg,Missing,0,directional_bearing_crop,ADA_CurbRampPt_21131,38.8724093519235,-76.95921066661013,0,Mapillary API,data/images/mapillary_scaleup_development/ADA_CurbRampPt_21131/1145904273555095.jpg,9799309a9529eb4ef5b42c07fcc3c50043f4c94d926d5055e031cc6f67ea3695,0,anacostia_fairlawn
90.0,Mapillary,70.86,perspective,1702565912589,2023-12-14T14:58:32.589000+00:00,98.221455574036,83143bd86129fba384cc551589ee7ff0cca6fbe50d77647aea81f7734538e806,4.93,1,0,1038638224081909,38.872394805239,-76.959264514056,data/images/mapillary_scaleup_development_target_crops/ADA_CurbRampPt_21131/1038638224081909.jpg,Missing,0,directional_bearing_crop,ADA_CurbRampPt_21131,38.8724093519235,-76.95921066661013,0,Mapillary API,data/images/mapillary_scaleup_development/ADA_CurbRampPt_21131/1038638224081909.jpg,60024510e025c1d9eaeff719145d605d55ea24c6792e63980a7cbddf3f83bebe,0,anacostia_fairlawn
90.0,Mapillary,296.56,perspective,1573477587412,2019-11-11T13:06:27.412000+00:00,311.07202148438,7134be0a0a518742b280e6296f462b3b9587e7cb3a4697c23e08881c79ba0503,15.28,1,0,1199510287213358,38.857416412875,-76.985774774564,data/images/mapillary_scaleup_development_target_crops/ADA_CurbRampPt_20058/1199510287213358.jpg,Missing,0,directional_bearing_crop,ADA_CurbRampPt_20058,38.85747785200763,-76.98593259025148,0,Mapillary API,data/images/mapillary_scaleup_development/ADA_CurbRampPt_20058/1199510287213358.jpg,0f65be1e567e8c4dd71332581ecc9d27a49180a31d6fa1e062594379a9b69ffe,0,anacostia_fairlawn
90.0,Mapillary,139.13,perspective,1702316088325,2023-12-11T17:34:48.325000+00:00,148.22510910034,95b9c52a785aba6422823edc661d8e77545802720979e63a8402ae910d589902,9.98,1,0,1071244163919248,38.857422343162,-76.96151595955,data/images/mapillary_scaleup_development_target_crops/ADA_CurbRampPt_17848/1071244163919248.jpg,Missing,0,directional_bearing_crop,ADA_CurbRampPt_17848,38.85735447526058,-76.9614405316037,0,Mapillary API,data/images/mapillary_scaleup_development/ADA_CurbRampPt_17848/1071244163919248.jpg,2447ca69eefb104419bb2c58afbcc2fd55a490427b315b6a6d7e441adc9aa2b4,0,anacostia_fairlawn
90.0,Mapillary,143.97,perspective,1563208032000,2019-07-15T16:27:12+00:00,181.4,8d0f23ec669ded791e3a060c894dd2798b198889a495694d823c2496bc878858,10.39,1,0,1296393610831941,38.857430072518,-76.961511137383,data/images/mapillary_scaleup_development_target_crops/ADA_CurbRampPt_17848/1296393610831941.jpg,Missing,0,directional_bearing_crop,ADA_CurbRampPt_17848,38.85735447526058,-76.9614405316037,0,Mapillary API,data/images/mapillary_scaleup_development/ADA_CurbRampPt_17848/1296393610831941.jpg,02337b9c25630373ed6b54d52f272842aa3d1734692594ee789a4afbb1b24ed5,0,anacostia_fairlawn
90.0,Mapillary,2.78,perspective,1637048613000,2021-11-16T07:43:33+00:00,24.962943287132,72c65ba4405c24b3047df1a962e76a10749854d6577b2a0d977c5c90982d80e7,26.67,1,0,1029040011141512,38.865462962963,-76.970510018215,data/images/mapillary_scaleup_development_target_crops/ADA_CurbRampPt_10373/1029040011141512.jpg,Non-Compliant,0,directional_bearing_crop,ADA_CurbRampPt_10373,38.8657025397368,-76.97049506682089,0,Mapillary API,data/images/mapillary_scaleup_development/ADA_CurbRampPt_10373/1029040011141512.jpg,0845936d13042a75d8b5f293d60d7c14b96ab01bd0bc35ee8d841349d499dfce,0,anacostia_fairlawn
90.0,Mapillary,16.74,spherical,1604686105500,2020-11-06T18:08:25.500000+00:00,203.8,a9f7e8c05176f4676904a954a6c604d09f0b8fbe03f3f0a81609c75d7dc430ba,27.89,1,0,1061000091484617,38.865462368686,-76.970587816444,data/images/mapillary_scaleup_development_target_crops/ADA_CurbRampPt_10373/1061000091484617.jpg,Non-Compliant,0,equirectangular_to_perspective,ADA_CurbRampPt_10373,38.8657025397368,-76.97049506682089,0,Mapillary API,data/images/mapillary_scaleup_development/ADA_CurbRampPt_10373/1061000091484617.jpg,03e096166203e3ea904aefa2e0ff078111c0ab0130c1314ec42b0534b965dab9,1,anacostia_fairlawn
90.0,Mapillary,157.6,spherical,1602351217000,2020-10-10T17:33:37+00:00,317.7,c4877ab032ba4eb9fc67203092bfb795b567c116c9d08b5216a5321fc202a045,28.15,1,0,578581423551637,38.85676627422,-76.989481275312,data/images/mapillary_scaleup_development_target_crops/ADA_CurbRampPt_34782/578581423551637.jpg,Non-Compliant,0,equirectangular_to_perspective,ADA_CurbRampPt_34782,38.85653220068565,-76.98935735250313,0,Mapillary API,data/images/mapillary_scaleup_development/ADA_CurbRampPt_34782/578581423551637.jpg,24939a3065a63d0b0d419373f4d481a9f1b8b7d9665d31784a261e3f62d5f316,1,anacostia_fairlawn
90.0,Mapillary,147.31,perspective,1563119197500,2019-07-14T15:46:37.500000+00:00,137.6,712db42a24fbffa1630e06248ed553b5823992d4fd60ed8062f70a7faa78d3fc,29.58,1,0,480056809774286,38.856756101102,-76.989541903468,data/images/mapillary_scaleup_development_target_crops/ADA_CurbRampPt_34782/480056809774286.jpg,Non-Compliant,0,directional_bearing_crop,ADA_CurbRampPt_34782,38.85653220068565,-76.98935735250313,0,Mapillary API,data/images/mapillary_scaleup_development/ADA_CurbRampPt_34782/480056809774286.jpg,597030a7eb51e5bc2534f3a3f675458ac2e0c6245d39ad6303b6fc8d45532c9a,0,anacostia_fairlawn
90.0,Mapillary,49.84,equirectangular,1573147087000,2019-11-07T17:18:07+00:00,237.8,eb6b09d8fdef06b36ee231a61bea507771d0084846141c28e62ba37c601f0ac6,42.61,1,0,145455207568173,38.874541862686,-76.968650287636,data/images/mapillary_scaleup_development_target_crops/ADA_CurbRampPt_28877/145455207568173.jpg,Non-Compliant,0,equirectangular_to_perspective,ADA_CurbRampPt_28877,38.87478897874614,-76.9682741011683,0,Mapillary API,data/images/mapillary_scaleup_development/ADA_CurbRampPt_28877/145455207568173.jpg,0a4b8c79dc3c2432f1649e200a774e664095d8bae8beecea40b57b81b8e9e1d6,1,anacostia_fairlawn
90.0,Mapillary,66.12,perspective,1535554910000,2018-08-29T15:01:50+00:00,98.23,5b7e707735738ef5e2944576be6ed2d8adec10632efc61e720b8cfc62671dbe5,5.36,1,0,843995476535103,38.869413867478,-76.965783043961,data/images/mapillary_scaleup_development_target_crops/ADA_CurbRampPt_487/843995476535103.jpg,Non-Compliant,0,directional_bearing_crop,ADA_CurbRampPt_487,38.86943338017679,-76.96572644243186,0,Mapillary API,data/images/mapillary_scaleup_development/ADA_CurbRampPt_487/843995476535103.jpg,4bb3c7b6f74cb3b14c84d4a9aeb6a8b8491f89fa6c68b750fba67d9882887f75,0,anacostia_fairlawn
90.0,Mapillary,112.97,perspective,1535554911000,2018-08-29T15:01:51+00:00,88.94,685895b8e1d0726ec32cdbf8d2ed225763a11c8f393d577ab79e39c1302f094e,5.39,1,0,4096986087025384,38.869452288824,-76.965783742975,data/images/mapillary_scaleup_development_target_crops/ADA_CurbRampPt_487/4096986087025384.jpg,Non-Compliant,0,directional_bearing_crop,ADA_CurbRampPt_487,38.86943338017679,-76.96572644243186,0,Mapillary API,data/images/mapillary_scaleup_development/ADA_CurbRampPt_487/4096986087025384.jpg,b8a1535844e36f68d3a0b1035dc394173bc238788ab8ddf6a72a93ae8a4c66db,0,anacostia_fairlawn
90.0,Mapillary,353.51,equirectangular,1563128969000,2019-07-14T18:29:29+00:00,86.9,b248b315504e9fe8752fb8ffe7556c10a213ef130c200c91b0a7cbe3358999e4,5.04,1,0,1214292389011469,38.870763491837,-76.977295701136,data/images/mapillary_scaleup_development_target_crops/ADA_CurbRampPt_19684/1214292389011469.jpg,Non-Compliant,0,equirectangular_to_perspective,ADA_CurbRampPt_19684,38.870808484228704,-76.9773022771041,0,Mapillary API,data/images/mapillary_scaleup_development/ADA_CurbRampPt_19684/1214292389011469.jpg,ab699ef773d07cb321048e0b5a44d8604f42c009695a796bec83505c617b9c30,1,anacostia_fairlawn
90.0,Mapillary,19.72,perspective,1649419805000,2022-04-08T12:10:05+00:00,0,8ca99f1a6fb76895d1648d3b056a87732db463c8bde1e9dfd4a4bc4fe45e941d,27.18,1,0,134049046016536,38.941583642455,-77.036433166592,data/images/mapillary_scaleup_development_target_crops/ADA_CurbRampPt_21815/134049046016536.jpg,Fair,0,directional_bearing_crop,ADA_CurbRampPt_21815,38.94181374463058,-77.03632709488816,0,Mapillary API,data/images/mapillary_scaleup_development/ADA_CurbRampPt_21815/134049046016536.jpg,97a4590831725a5a6eb1a76e7ba221c8394c3c721b211426edb0c0cdb01d08ed,0,columbia_heights_petworth
90.0,Mapillary,26.57,spherical,1603213967000,2020-10-20T17:12:47+00:00,180,ad467427406aed61ce15169ac54d136165f5db6c1ef4bf21b7bc7176f2052bb7,28.49,1,0,1246987362725682,38.941584561265,-77.036474443641,data/images/mapillary_scaleup_development_target_crops/ADA_CurbRampPt_21815/1246987362725682.jpg,Fair,0,equirectangular_to_perspective,ADA_CurbRampPt_21815,38.94181374463058,-77.03632709488816,0,Mapillary API,data/images/mapillary_scaleup_development/ADA_CurbRampPt_21815/1246987362725682.jpg,df8196cebaa6b1be6ab69501beb25912f598eaf1c84f07575a0c299676a346cb,1,columbia_heights_petworth
90.0,Mapillary,0.05,perspective,1575300408686,2019-12-02T15:26:48.686000+00:00,38.628082275391,d2456039f4a21a348e328cfb09686d02351840e33cd28bc1a050ad5ab55ebd87,4.11,1,0,1001077007307147,38.944041378017,-77.038752447401,data/images/mapillary_scaleup_development_target_crops/ADA_CurbRampPt_26154/1001077007307147.jpg,Fair,0,directional_bearing_crop,ADA_CurbRampPt_26154,38.94407836759565,-77.03875240764508,0,Mapillary API,data/images/mapillary_scaleup_development/ADA_CurbRampPt_26154/1001077007307147.jpg,0c4af480e52917829a4b9e457b303424660eed99c7a22fee19dc19b5e581c700,0,columbia_heights_petworth
90.0,Mapillary,124.7,perspective,1535625635000,2018-08-30T10:40:35+00:00,90.45,bbc22e38cf5474e93b932a10b09961afbb0228030b7db1f003e83ed87515d9f5,6.05,1,0,1178059525972187,38.944109334594,-77.038809906005,data/images/mapillary_scaleup_development_target_crops/ADA_CurbRampPt_26154/1178059525972187.jpg,Fair,0,directional_bearing_crop,ADA_CurbRampPt_26154,38.94407836759565,-77.03875240764508,0,Mapillary API,data/images/mapillary_scaleup_development/ADA_CurbRampPt_26154/1178059525972187.jpg,7f124d3cdeb50646c3d8061c54f1820e70c90603e5cb39b13d0d749aac5c3617,0,columbia_heights_petworth
90.0,Mapillary,125.73,perspective,1639126674000,2021-12-10T08:57:54+00:00,90.084810882163,0307f2d6da22aa6ba5fe1969c53089f3e3836321942c99e99581ef3ae65f176c,12.37,1,0,1084478478840983,38.941875,-77.032962962963,data/images/mapillary_scaleup_development_target_crops/ADA_CurbRampPt_3417/1084478478840983.jpg,Fair,0,directional_bearing_crop,ADA_CurbRampPt_3417,38.941810038782144,-77.0328468627307,0,Mapillary API,data/images/mapillary_scaleup_development/ADA_CurbRampPt_3417/1084478478840983.jpg,4286134db2025e624ff98fdb458320be18c0b6d17c167a546205d5197d8b7259,0,columbia_heights_petworth
90.0,Mapillary,71.64,perspective,1535498711624,2018-08-28T23:25:11.624000+00:00,78.884063720703,4b7f34fc4d83ce53adae526ffa48b27caf8a055f0ce472fd05831a1af2bf9bfc,9.07,1,0,1202272353551184,38.957318953835,-77.028463418115,data/images/mapillary_scaleup_development_target_crops/ADA_CurbRampPt_17124/1202272353551184.jpg,Fair,0,directional_bearing_crop,ADA_CurbRampPt_17124,38.9573446347301,-77.02836388657408,0,Mapillary API,data/images/mapillary_scaleup_development/ADA_CurbRampPt_17124/1202272353551184.jpg,993a8ec5912c3b57782cf093730bc76af1b73047f8af431aed838596b130b8d7,0,columbia_heights_petworth
90.0,Mapillary,43.67,perspective,1669135215301,2022-11-22T16:40:15.301000+00:00,81.202697753906,3d0fdac57257f7c169632594eda27a31129d4efb7ee12b2a75d0559d852e95e1,12.28,1,0,1199524630944308,38.957264745846,-77.028461951041,data/images/mapillary_scaleup_development_target_crops/ADA_CurbRampPt_17124/1199524630944308.jpg,Fair,0,directional_bearing_crop,ADA_CurbRampPt_17124,38.9573446347301,-77.02836388657408,0,Mapillary API,data/images/mapillary_scaleup_development/ADA_CurbRampPt_17124/1199524630944308.jpg,6e6f6c9484700f2a85ac719e54e9519214686d4bc04f99447aa89a6ad0f11342,0,columbia_heights_petworth
90.0,Mapillary,251.66,perspective,1607520295473,2020-12-09T13:24:55.473000+00:00,270.70455932617,88c873d9d3c6645b3faa4183c66d367a17c5bca95b2fd9d779fcd0b0db532dae,7.45,1,0,1233577567089153,38.950897826499,-77.022046462836,data/images/mapillary_scaleup_development_target_crops/ADA_CurbRampPt_13112/1233577567089153.jpg,Good,0,directional_bearing_crop,ADA_CurbRampPt_13112,38.95087675670894,-77.02212820043407,0,Mapillary API,data/images/mapillary_scaleup_development/ADA_CurbRampPt_13112/1233577567089153.jpg,eeab00b72c9142218f063177c73a3a399d27b7e9a7b4624ddbbad11255876fdc,0,columbia_heights_petworth
90.0,Mapillary,241.75,perspective,1672346916674,2022-12-29T20:48:36.674000+00:00,257.23842334747,6778ea82f185fbecd149999b6cc4d0fa88b3c701482b20bbfe8b3cd413fc95f7,20.45,1,0,1492683444587528,38.950963774321,-77.021919917263,data/images/mapillary_scaleup_development_target_crops/ADA_CurbRampPt_13112/1492683444587528.jpg,Good,0,directional_bearing_crop,ADA_CurbRampPt_13112,38.95087675670894,-77.02212820043407,0,Mapillary API,data/images/mapillary_scaleup_development/ADA_CurbRampPt_13112/1492683444587528.jpg,cd52bea2944c96556bd715fe1eecd1f4eb0c51293a13dfca888296c522a4b772,0,columbia_heights_petworth
90.0,Mapillary,315.98,perspective,1534870195000,2018-08-21T16:49:55+00:00,0.64,d28ab43db580f5521cd6c898f48181c427daa01ce34d239d841b42bc735f2209,14.92,1,0,138838024931839,38.93409814691,-77.032717254353,data/images/mapillary_scaleup_development_target_crops/ADA_CurbRampPt_30713/138838024931839.jpg,Good,0,directional_bearing_crop,ADA_CurbRampPt_30713,38.934194648347074,-77.03283715252473,0,Mapillary API,data/images/mapillary_scaleup_development/ADA_CurbRampPt_30713/138838024931839.jpg,90878b55a8e16a5b46500fd6b9f5b101fea5aae05e52af1c8444566124bedbe4,0,columbia_heights_petworth
90.0,Mapillary,135.79,perspective,1639991760000,2021-12-20T09:16:00+00:00,155.66379366225,fc4e9f1e298a7628aa6f0dfde8233f62493446d72ec88ce93db148e68011001c,66.52,1,0,1098387670765495,38.94713292089,-77.02246372409,data/images/mapillary_scaleup_development_target_crops/ADA_CurbRampPt_31366/1098387670765495.jpg,Good,0,directional_bearing_crop,ADA_CurbRampPt_31366,38.946704167131664,-77.02192735742467,0,Mapillary API,data/images/mapillary_scaleup_development/ADA_CurbRampPt_31366/1098387670765495.jpg,9cf13e4bbdf9e44edf8f6fab650d3c88a18fbe0fd772ab10dd38ef18bb017d81,0,columbia_heights_petworth
90.0,Mapillary,135.53,perspective,1565799032000,2019-08-14T16:10:32+00:00,157.9,9facd0824c7cc3c993df6a9d0c3e858dc4a5e729bbd72151c5c8fba09c6c9d21,69.73,1,0,1185513375244907,38.947151657014,-77.022492241601,data/images/mapillary_scaleup_development_target_crops/ADA_CurbRampPt_31366/1185513375244907.jpg,Good,0,directional_bearing_crop,ADA_CurbRampPt_31366,38.946704167131664,-77.02192735742467,0,Mapillary API,data/images/mapillary_scaleup_development/ADA_CurbRampPt_31366/1185513375244907.jpg,192993ae879c12477a1c692f14b9ae5afa4f27f61f395d84e3253d7c3302ee2c,0,columbia_heights_petworth
90.0,Mapillary,82.47,perspective,1535283987000,2018-08-26T11:46:27+00:00,80.23,534c083660b3c4fa2333a9b83d2cb682d86dc1764649887d162d6a5013e22714,27.6,1,0,1418039125212742,38.941760059399,-77.025460356002,data/images/mapillary_scaleup_development_target_crops/ADA_CurbRampPt_19769/1418039125212742.jpg,Good,0,directional_bearing_crop,ADA_CurbRampPt_19769,38.94179258991034,-77.02514394755327,0,Mapillary API,data/images/mapillary_scaleup_development/ADA_CurbRampPt_19769/1418039125212742.jpg,9156f6fdd9f8c08d2bf035ebf1d58c6aa4f99e7136b2efe0b6590d0664ae0c14,0,columbia_heights_petworth
90.0,Mapillary,70.45,equirectangular,1565100219000,2019-08-06T14:03:39+00:00,175.3,bc284d22db58e70ff5f6f6d394e4e1158c2aba627249f099d080569759b11a27,34.44,1,0,1297468747318061,38.941688947857,-77.025519191347,data/images/mapillary_scaleup_development_target_crops/ADA_CurbRampPt_19769/1297468747318061.jpg,Good,0,equirectangular_to_perspective,ADA_CurbRampPt_19769,38.94179258991034,-77.02514394755327,0,Mapillary API,data/images/mapillary_scaleup_development/ADA_CurbRampPt_19769/1297468747318061.jpg,8101de150ddf8eb7f4fab5e38855967cb210f1217a913177f5645feedf651ef6,1,columbia_heights_petworth
90.0,Mapillary,6.99,perspective,1787839534226,2026-08-27T14:05:34.226000+00:00,6,7e5009f47c1c5da99b1effc5185ae5160cbb22e33d71194758e2010ad809e547,7.62,1,0,1240556954899039,38.959298577259,-77.033332276578,data/images/mapillary_scaleup_development_target_crops/ADA_CurbRampPt_5665/1240556954899039.jpg,Good,0,directional_bearing_crop,ADA_CurbRampPt_5665,38.959366596908744,-77.03332154387795,0,Mapillary API,data/images/mapillary_scaleup_development/ADA_CurbRampPt_5665/1240556954899039.jpg,88d08c9f65c10785f3427a21a730c665f242dc5394936813cb95c2d9f557f1fd,0,columbia_heights_petworth
90.0,Mapillary,14.01,perspective,1787839533760,2026-08-27T14:05:33.760000+00:00,350,aa64131cb780e1ef9ba267e93bd1b285f54e05f70df87ceca0803c0e97ffc18b,13.78,1,0,1384473760458739,38.959246322049,-77.033360149062,data/images/mapillary_scaleup_development_target_crops/ADA_CurbRampPt_5665/1384473760458739.jpg,Good,0,directional_bearing_crop,ADA_CurbRampPt_5665,38.959366596908744,-77.03332154387795,0,Mapillary API,data/images/mapillary_scaleup_development/ADA_CurbRampPt_5665/1384473760458739.jpg,7f7c80cda9a93609d6eb95fea255c6f32bd528d2e7eef03adb316ce066f6ad65,0,columbia_heights_petworth
90.0,Mapillary,329.44,perspective,1535646330000,2018-08-30T16:25:30+00:00,285.33,272b59e8861c7ecd879941e0796a67d4389917a2cbe0f4a1bc976972d18a6fbe,49.84,1,0,1067624930430706,38.942088105209,-77.019010207679,data/images/mapillary_scaleup_development_target_crops/ADA_CurbRampPt_22154/1067624930430706.jpg,Good,0,directional_bearing_crop,ADA_CurbRampPt_22154,38.942474067768195,-77.01930321691516,0,Mapillary API,data/images/mapillary_scaleup_development/ADA_CurbRampPt_22154/1067624930430706.jpg,5500acc4dda2c62f6932d1e3c178bee9903f0c03209ea99f5e3992143beeb458,0,columbia_heights_petworth
90.0,Mapillary,263.49,spherical,1756385510480,2025-08-28T12:51:50.480000+00:00,92.74089512921,b813b96e5a83c1b603972d4098c92b2593b43185d5c844099a264a0a02043608,41.48,1,0,1124593752967728,38.926721835019,-77.029153569677,data/images/mapillary_scaleup_development_target_crops/ADA_CurbRampPt_31784/1124593752967728.jpg,Missing,0,equirectangular_to_perspective,ADA_CurbRampPt_31784,38.92667955408635,-77.02963003669694,0,Mapillary API,data/images/mapillary_scaleup_development/ADA_CurbRampPt_31784/1124593752967728.jpg,f6f6e3992f9c4d63d7eef17336f98b42e35e2ee7ae6cea1d4c4a1ae0e3fe5f7d,1,columbia_heights_petworth
90.0,Mapillary,264.16,perspective,1701696174842,2023-12-04T13:22:54.842000+00:00,256.25057315826,d50c93cd0bfd28d18e0a2210df6b8e2308d4bfd01e1117dd8392b78fa9aaaa00,45.73,1,0,1007498993645976,38.9267213879,-77.029104090327,data/images/mapillary_scaleup_development_target_crops/ADA_CurbRampPt_31784/1007498993645976.jpg,Missing,0,directional_bearing_crop,ADA_CurbRampPt_31784,38.92667955408635,-77.02963003669694,0,Mapillary API,data/images/mapillary_scaleup_development/ADA_CurbRampPt_31784/1007498993645976.jpg,8903e841e1afa5e1c97687c5d058c5eb28f5997be64e5e041bfbf988e4955075,0,columbia_heights_petworth
90.0,Mapillary,0.83,fisheye,1546422770343,2019-01-02T09:52:50.343000+00:00,358.40545080615,7f47add60830e153c53b9dd6d339da92db441aefd6d560bb030320f43d08f691,1.63,1,0,1026602244834870,38.959504444349,-77.01983840508,data/images/mapillary_scaleup_development_target_crops/ADA_CurbRampPt_8054/1026602244834870.jpg,Missing,0,directional_bearing_crop,ADA_CurbRampPt_8054,38.959519068806166,-77.01983813162283,0,Mapillary API,data/images/mapillary_scaleup_development/ADA_CurbRampPt_8054/1026602244834870.jpg,cef42e850b5312241126ee90663cd16e22f4788dd4d06dcca974d1b0b6b7e6c5,0,columbia_heights_petworth
90.0,Mapillary,125.23,fisheye,1546434996681,2019-01-02T13:16:36.681000+00:00,168.99905525198,b1708ad5ce1b1b8c3ff86803c911780f90997eb364f963f2261ccc6654d39310,3.94,1,0,1033408847196606,38.959539496495,-77.019875329334,data/images/mapillary_scaleup_development_target_crops/ADA_CurbRampPt_8054/1033408847196606.jpg,Missing,0,directional_bearing_crop,ADA_CurbRampPt_8054,38.959519068806166,-77.01983813162283,0,Mapillary API,data/images/mapillary_scaleup_development/ADA_CurbRampPt_8054/1033408847196606.jpg,7b1d96f87aaa61150d80cfa55240b3aec7ddad652000e8f92dcff87db122fd14,0,columbia_heights_petworth
90.0,Mapillary,162.13,perspective,1606744244299,2020-11-30T13:50:44.299000+00:00,183.10946655273,bc316fbd67e2ae99b4d103a2e5ab17ef66362ecd570f2def4996ac242d26279c,36.89,1,0,1203919316775658,38.929933518777,-77.02973595551,data/images/mapillary_scaleup_development_target_crops/ADA_CurbRampPt_33719/1203919316775658.jpg,Missing,0,directional_bearing_crop,ADA_CurbRampPt_33719,38.92961777523702,-77.0296051286056,0,Mapillary API,data/images/mapillary_scaleup_development/ADA_CurbRampPt_33719/1203919316775658.jpg,a245d83a95fb36a1e68de8f7917cc79f932d1f6313f0c8c4779b5c9b657bdadb,0,columbia_heights_petworth
90.0,Mapillary,163.46,perspective,1670343290501,2022-12-06T16:14:50.501000+00:00,169.24610805511,74c5ef9bec4a5e9dde6e0fe54441e90efd4da6b58b24572e8a97ac0775ad9fda,37.36,1,0,120807830847648,38.929939821236,-77.029728054572,data/images/mapillary_scaleup_development_target_crops/ADA_CurbRampPt_33719/120807830847648.jpg,Missing,0,directional_bearing_crop,ADA_CurbRampPt_33719,38.92961777523702,-77.0296051286056,0,Mapillary API,data/images/mapillary_scaleup_development/ADA_CurbRampPt_33719/120807830847648.jpg,6392f73f9a29ce187bd8db1a29afe8e7e9b01c575539e9773a1b0dff39260f76,0,columbia_heights_petworth
90.0,Mapillary,60.05,equirectangular,1564252519000,2019-07-27T18:35:19+00:00,233,91e92036bd94a763300486ce61586ffa8a431b7fda094f47da95e21b539df617,43.44,1,0,178380344191139,38.922429838969,-77.03705997372,data/images/mapillary_scaleup_development_target_crops/ADA_CurbRampPt_28350/178380344191139.jpg,Non-Compliant,0,equirectangular_to_perspective,ADA_CurbRampPt_28350,38.92262483774415,-77.03662490952593,0,Mapillary API,data/images/mapillary_scaleup_development/ADA_CurbRampPt_28350/178380344191139.jpg,4f672ee6eea35ca5914ce80382ac30a8e9576c71c1107b770b3442c3f3351098,1,columbia_heights_petworth
90.0,Mapillary,60.34,spherical,1601144346000,2020-09-26T18:19:06+00:00,233.8,6c8ff63e7636ce99763b0a950b73d56bd129330c370537dfd81fee4852a8ede4,48.85,1,0,136452718886753,38.922407427279,-77.037115623262,data/images/mapillary_scaleup_development_target_crops/ADA_CurbRampPt_28350/136452718886753.jpg,Non-Compliant,0,equirectangular_to_perspective,ADA_CurbRampPt_28350,38.92262483774415,-77.03662490952593,0,Mapillary API,data/images/mapillary_scaleup_development/ADA_CurbRampPt_28350/136452718886753.jpg,0fcdeb4a21129f4633133c1c1046eebbeb90331214e1e9a4c2f9aa6dee95d7b8,1,columbia_heights_petworth
90.0,Mapillary,344.81,perspective,1672772353716,2023-01-03T18:59:13.716000+00:00,-8.7610015869141,2809deca9ee4b3d573ba98e7f4163aaa2aaa0a9e7a0e80f713ade97bfaf8baa5,11.26,1,0,1118208122175220,38.948231277828,-77.021969567365,data/images/mapillary_scaleup_development_target_crops/ADA_CurbRampPt_13132/1118208122175220.jpg,Non-Compliant,0,directional_bearing_crop,ADA_CurbRampPt_13132,38.94832898089922,-77.02200368230952,0,Mapillary API,data/images/mapillary_scaleup_development/ADA_CurbRampPt_13132/1118208122175220.jpg,2dd4bfd8e64ed575417252812221316cc40dbcd17ecac774f7546e54e3634764,0,columbia_heights_petworth
90.0,Mapillary,333.43,spherical,1598970638000,2020-09-01T14:30:38+00:00,176.7,ca0b691e3175c704412852081ae68f3d5ff5bb4e079b0fde547de7447f852f4d,14.02,1,0,1114229912752345,38.948216252543,-77.021931191019,data/images/mapillary_scaleup_development_target_crops/ADA_CurbRampPt_13132/1114229912752345.jpg,Non-Compliant,0,equirectangular_to_perspective,ADA_CurbRampPt_13132,38.94832898089922,-77.02200368230952,0,Mapillary API,data/images/mapillary_scaleup_development/ADA_CurbRampPt_13132/1114229912752345.jpg,23a0bbeeafeea881fc77633c714d61611214e9b7e2395423b7d1b87878194b89,1,columbia_heights_petworth
90.0,Mapillary,55.47,spherical,1565286101500,2019-08-08T17:41:41.500000+00:00,221.9,dd2c2be9e15deea4ecd755f5a8c95db2be41129b6afb79d1695cf6ad1989d238,32.25,1,0,180425980944870,38.938196795661,-77.017041377294,data/images/mapillary_scaleup_development_target_crops/ADA_CurbRampPt_5286/180425980944870.jpg,Non-Compliant,0,equirectangular_to_perspective,ADA_CurbRampPt_5286,38.93836118806195,-77.01673414941789,0,Mapillary API,data/images/mapillary_scaleup_development/ADA_CurbRampPt_5286/180425980944870.jpg,f42dc449e9ecf264f543165067e49ce96be12d526ab7d184d5e1042683b8f482,1,columbia_heights_petworth
90.0,Mapillary,56.16,spherical,1606235477500,2020-11-24T16:31:17.500000+00:00,222,2852c068c461457714f9f7adc1e7c4a30ced60a0161a9ad69f67fb59c7b47329,33.2,1,0,137751705559087,38.938194906854,-77.017052974906,data/images/mapillary_scaleup_development_target_crops/ADA_CurbRampPt_5286/137751705559087.jpg,Non-Compliant,0,equirectangular_to_perspective,ADA_CurbRampPt_5286,38.93836118806195,-77.01673414941789,0,Mapillary API,data/images/mapillary_scaleup_development/ADA_CurbRampPt_5286/137751705559087.jpg,25e0ece0851df1334fa2bcdcbcbe0b8db84244743df04084f0267dd82f63e7a3,1,columbia_heights_petworth
90.0,Mapillary,341.56,perspective,1669644438687,2022-11-28T14:07:18.687000+00:00,348.21108722687,c16cae2f505fb7f33dfa67fc66e92e79ed1d38d6195ebeb2036560c67fb845e9,18.64,1,0,1197522777839288,38.937396576506,-77.027204578766,data/images/mapillary_scaleup_development_target_crops/ADA_CurbRampPt_17245/1197522777839288.jpg,Non-Compliant,0,directional_bearing_crop,ADA_CurbRampPt_17245,38.937555565721254,-77.02727272637662,0,Mapillary API,data/images/mapillary_scaleup_development/ADA_CurbRampPt_17245/1197522777839288.jpg,f58a2be22b3aeb88fbfa26f322e59a2917f6e2aaaf52ebcbc65515e9bf9387db,0,columbia_heights_petworth
90.0,Mapillary,345.92,perspective,1669752233680,2022-11-29T20:03:53.680000+00:00,-10.756591060814,bef2c5b1787a032a28a0ff27cf93618620bfe372358b2fc93de1fd7f6c0226d1,23.32,1,0,1360588027811701,38.937352131844,-77.027207143589,data/images/mapillary_scaleup_development_target_crops/ADA_CurbRampPt_17245/1360588027811701.jpg,Non-Compliant,0,directional_bearing_crop,ADA_CurbRampPt_17245,38.937555565721254,-77.02727272637662,0,Mapillary API,data/images/mapillary_scaleup_development/ADA_CurbRampPt_17245/1360588027811701.jpg,80439c5db52c0b2ed8c7b7d0b57bda57ac6e2277e0000010e18e904e3c9506a7,0,columbia_heights_petworth
90.0,Mapillary,106.89,spherical,1607109125500,2020-12-04T19:12:05.500000+00:00,30.9,1f1b489f09a6a8d3568eb3f938a15cc1091c62ebbea112418eb46f0758375dd2,7.3,1,0,1199487364179429,38.933520904751,-77.026327258309,data/images/mapillary_scaleup_development_target_crops/ADA_CurbRampPt_18370/1199487364179429.jpg,Non-Compliant,0,equirectangular_to_perspective,ADA_CurbRampPt_18370,38.933501846946285,-77.02624654687698,0,Mapillary API,data/images/mapillary_scaleup_development/ADA_CurbRampPt_18370/1199487364179429.jpg,55ca13410b824f4c2366f71a989a430e7658fa05203d8c8f4201f7ac750814df,1,columbia_heights_petworth
90.0,Mapillary,229.85,equirectangular,1576691519000,2019-12-18T17:51:59+00:00,357.2,4f5358e0d461bdc363e9464a70685736243fb04336d915819fce787ab37689a0,6.08,1,0,183620380317881,38.878386928411,-76.99954592834,data/images/mapillary_scaleup_development_target_crops/ADA_CurbRampPt_18235/183620380317881.jpg,Fair,0,equirectangular_to_perspective,ADA_CurbRampPt_18235,38.8783516516451,-76.9995996473107,0,Mapillary API,data/images/mapillary_scaleup_development/ADA_CurbRampPt_18235/183620380317881.jpg,34c0d1b28e75121d3e737a7f7a76d70a81d9e01dea46cb2edb4a9e6f21286895,1,navy_yard_capitol_riverfront
90.0,Mapillary,52.56,spherical,1607628431500,2020-12-10T19:27:11.500000+00:00,242.6,22701082d2cd3b388705a8314d0fec3bb27c419d2c6aa321200a3367415587da,45.84,1,0,1253927512080773,38.885436027625,-77.001074466252,data/images/mapillary_scaleup_development_target_crops/ADA_CurbRampPt_13134/1253927512080773.jpg,Fair,0,equirectangular_to_perspective,ADA_CurbRampPt_13134,38.88568661940215,-77.00065393646626,0,Mapillary API,data/images/mapillary_scaleup_development/ADA_CurbRampPt_13134/1253927512080773.jpg,b7feabc09f9ccbc9c20449d15f018ebf86a63720e314f86ae92303bc1069cbc6,1,navy_yard_capitol_riverfront
90.0,Mapillary,49.01,perspective,1638280790000,2021-11-30T13:59:50+00:00,54.51557437414,8c2302c998c2fb6f91d6914c5defb7f1de78ef43a0efaa2f473a096ceaf1ba4e,48.09,1,0,121656597301726,38.885402937622,-77.001073381399,data/images/mapillary_scaleup_development_target_crops/ADA_CurbRampPt_13134/121656597301726.jpg,Fair,0,directional_bearing_crop,ADA_CurbRampPt_13134,38.88568661940215,-77.00065393646626,0,Mapillary API,data/images/mapillary_scaleup_development/ADA_CurbRampPt_13134/121656597301726.jpg,46e272b838efc047cd03dc543b7925bababbb4c3ddba64246bc3726ff3b9b2b3,0,navy_yard_capitol_riverfront
90.0,Mapillary,189.94,spherical,1606932779000,2020-12-02T18:12:59+00:00,326.7,c277a9cd985ad3bd5017ca69bbadb0e0c4df7a945b99526825c59d5a65700d38,15.01,1,0,1054437578810623,38.885428552606,-76.986561424065,data/images/mapillary_scaleup_development_target_crops/ADA_CurbRampPt_30857/1054437578810623.jpg,Fair,0,equirectangular_to_perspective,ADA_CurbRampPt_30857,38.8852956158599,-76.98659136018951,0,Mapillary API,data/images/mapillary_scaleup_development/ADA_CurbRampPt_30857/1054437578810623.jpg,e28ce1936d234b4b60b8ed3b7f6a56954456fb87e57a1c5c494ce64fc3570cdf,1,navy_yard_capitol_riverfront
90.0,Mapillary,122.13,spherical,1602089892000,2020-10-07T16:58:12+00:00,270.1,d78d70b31327de3d7979cf389366cfd624f1039fde7f129fe56efb7b83a9d475,15.76,1,0,1033991370805417,38.885371014525,-76.986745574128,data/images/mapillary_scaleup_development_target_crops/ADA_CurbRampPt_30857/1033991370805417.jpg,Fair,0,equirectangular_to_perspective,ADA_CurbRampPt_30857,38.8852956158599,-76.98659136018951,0,Mapillary API,data/images/mapillary_scaleup_development/ADA_CurbRampPt_30857/1033991370805417.jpg,a85547e66181bd547a9666b48a50940ad74390bab358c5e9cf9d276e27170eef,1,navy_yard_capitol_riverfront
90.0,Mapillary,255.23,perspective,1645107073000,2022-02-17T14:11:13+00:00,272.116,c3f6e1179e7582ebd4494c4b141d876e8ca04e1898148d390fc621ec36e68793,26.35,1,0,555355986171786,38.878410995612,-77.004662566315,data/images/mapillary_scaleup_development_target_crops/ADA_CurbRampPt_12580/555355986171786.jpg,Fair,0,directional_bearing_crop,ADA_CurbRampPt_12580,38.87835059305505,-77.00495685802292,0,Mapillary API,data/images/mapillary_scaleup_development/ADA_CurbRampPt_12580/555355986171786.jpg,7249afebfdffa6f29b468269fe639fa3642e28fc78bd00b31e6bbe22336aafec,0,navy_yard_capitol_riverfront
90.0,Mapillary,257.42,perspective,1645107073000,2022-02-17T14:11:13+00:00,272.116,cb1b52b763b1cacada6c8a6171018a4d07a0ae3e47483385ea903f470f9f4eec,28.75,1,0,3513063955588184,38.878406900063,-77.004632667521,data/images/mapillary_scaleup_development_target_crops/ADA_CurbRampPt_12580/3513063955588184.jpg,Fair,0,directional_bearing_crop,ADA_CurbRampPt_12580,38.87835059305505,-77.00495685802292,0,Mapillary API,data/images/mapillary_scaleup_development/ADA_CurbRampPt_12580/3513063955588184.jpg,43079a3c2c885c37d4f63dfa3a7f6a8a1d9d62cfb7d60f76cb032dbe06c7890e,0,navy_yard_capitol_riverfront
90.0,Mapillary,201.49,spherical,1607011334666,2020-12-03T16:02:14.666000+00:00,109.6,7bdd5de7142906e19109e186f67355aa62e94837435ca527928f4d4371965e93,29.48,1,0,1022481341964249,38.881376314417,-77.008775524093,data/images/mapillary_scaleup_development_target_crops/ADA_CurbRampPt_27075/1022481341964249.jpg,Fair,0,equirectangular_to_perspective,ADA_CurbRampPt_27075,38.88112961025937,-77.00890032122895,0,Mapillary API,data/images/mapillary_scaleup_development/ADA_CurbRampPt_27075/1022481341964249.jpg,ef0bb751de4e134e9a3a57f3f844da726d54ceb81c716d58afdddd0be197eb4e,1,navy_yard_capitol_riverfront
90.0,Mapillary,204.56,spherical,1605453454500,2020-11-15T15:17:34.500000+00:00,110,d04f7bdeb4f0ba91c32907fa01dd8cdde1902a218003ad7ccc3fd087a04127f4,36.08,1,0,115596297852455,38.881424735672,-77.008727051762,data/images/mapillary_scaleup_development_target_crops/ADA_CurbRampPt_27075/115596297852455.jpg,Fair,0,equirectangular_to_perspective,ADA_CurbRampPt_27075,38.88112961025937,-77.00890032122895,0,Mapillary API,data/images/mapillary_scaleup_development/ADA_CurbRampPt_27075/115596297852455.jpg,56e18c6057cba21bcbe9d8c541316e2a94964e717d03d66cb92de5ccf90c7d61,1,navy_yard_capitol_riverfront
90.0,Mapillary,194.64,equirectangular,1568478334000,2019-09-14T16:25:34+00:00,359.9,4be5c919ed5f3416736c002b54da7a41471c4bb72affecababc9b1baa1974932,14.52,1,0,1007099243363793,38.87479574604,-76.991627430458,data/images/mapillary_scaleup_development_target_crops/ADA_CurbRampPt_33297/1007099243363793.jpg,Fair,0,equirectangular_to_perspective,ADA_CurbRampPt_33297,38.87466943686707,-76.99166982307699,0,Mapillary API,data/images/mapillary_scaleup_development/ADA_CurbRampPt_33297/1007099243363793.jpg,a68d30182e15ba03edca2e994e8a0cb675099257e91c8d57fd768b0009c1f122,1,navy_yard_capitol_riverfront
90.0,Mapillary,82.74,spherical,1603815001000,2020-10-27T16:10:01+00:00,269.4,182dc4844fb2ba476713e2ab244168b889317faaa1dbf52a7c3a1cfe9d02ed68,33.61,1,0,1055618315357066,38.889872643918,-76.993094061762,data/images/mapillary_scaleup_development_target_crops/ADA_CurbRampPt_25527/1055618315357066.jpg,Good,0,equirectangular_to_perspective,ADA_CurbRampPt_25527,38.88991085909801,-76.9927088835384,0,Mapillary API,data/images/mapillary_scaleup_development/ADA_CurbRampPt_25527/1055618315357066.jpg,41ea8d77e7eee67cab2d77691cbf3296187abf9142fcbecdc2afa4832f4846e8,1,navy_yard_capitol_riverfront
90.0,Mapillary,73.93,perspective,1573139784000,2019-11-07T15:16:24+00:00,89.9,b99d3d79858b9b51b0824f45205f5fb3a7c18aaa3ecc05756e719b23abc95cb4,40.71,1,0,118927373597542,38.889809495096,-76.99316085275,data/images/mapillary_scaleup_development_target_crops/ADA_CurbRampPt_25527/118927373597542.jpg,Good,0,directional_bearing_crop,ADA_CurbRampPt_25527,38.88991085909801,-76.9927088835384,0,Mapillary API,data/images/mapillary_scaleup_development/ADA_CurbRampPt_25527/118927373597542.jpg,17d7b9950c3c326e2d1c9b50aaba5b7781feae25d7a4c5332d226c99322b48ee,0,navy_yard_capitol_riverfront
90.0,Mapillary,126.52,equirectangular,1564677871000,2019-08-01T16:44:31+00:00,303.7,c883a067595f1e4c38a11ddcd65bf7b82960bbbf675dd3001f9379a2458c4724,43.21,1,0,476627540272236,38.886231194989,-77.012193344112,data/images/mapillary_scaleup_development_target_crops/ADA_CurbRampPt_34156/476627540272236.jpg,Good,0,equirectangular_to_perspective,ADA_CurbRampPt_34156,38.88599994088841,-77.01179214355344,0,Mapillary API,data/images/mapillary_scaleup_development/ADA_CurbRampPt_34156/476627540272236.jpg,d4e4a7f426b670d0c0850c6818f246558ae87d7f934841262711f031cf5d07b2,1,navy_yard_capitol_riverfront
90.0,Mapillary,117.11,equirectangular,1565875877500,2019-08-15T13:31:17.500000+00:00,313.7,44a3819dab1d500a942c22582a809db4da18e74f611c43314ab4a089c89eb739,46.75,1,0,209503877657555,38.886191531629,-77.012272986492,data/images/mapillary_scaleup_development_target_crops/ADA_CurbRampPt_34156/209503877657555.jpg,Good,0,equirectangular_to_perspective,ADA_CurbRampPt_34156,38.88599994088841,-77.01179214355344,0,Mapillary API,data/images/mapillary_scaleup_development/ADA_CurbRampPt_34156/209503877657555.jpg,05b723de83078095a7e45a3b617145e29568ebadf1dfe0c34ba149be674881da,1,navy_yard_capitol_riverfront
90.0,Mapillary,98.21,perspective,1573925278872,2019-11-16T17:27:58.872000+00:00,78.506896972656,8b388b813a8ec49de4b873c5358875899e073415601ba0351681675d5b44a7bf,39.99,1,0,239318791381452,38.890929934317,-76.985903430117,data/images/mapillary_scaleup_development_target_crops/ADA_CurbRampPt_34719/239318791381452.jpg,Good,0,directional_bearing_crop,ADA_CurbRampPt_34719,38.89087855346415,-76.98544610992076,0,Mapillary API,data/images/mapillary_scaleup_development/ADA_CurbRampPt_34719/239318791381452.jpg,436534788d02eedc33cea8e25f6341df74d7beb15f02c4b52f36009d60d58779,0,navy_yard_capitol_riverfront
90.0,Mapillary,98.12,perspective,1607435306747,2020-12-08T13:48:26.747000+00:00,90,8bdd0a043a83b0c3f0beb29e24ccff3f1c1ba30768b464fea04f33d7cff577fd,41.85,1,0,1040093966733603,38.890931677777,-76.985924765966,data/images/mapillary_scaleup_development_target_crops/ADA_CurbRampPt_34719/1040093966733603.jpg,Good,0,directional_bearing_crop,ADA_CurbRampPt_34719,38.89087855346415,-76.98544610992076,0,Mapillary API,data/images/mapillary_scaleup_development/ADA_CurbRampPt_34719/1040093966733603.jpg,690f82ed0a790f3522e2936cef31cca1c3f557ff60c8b8b21605ad6f201f4152,0,navy_yard_capitol_riverfront
90.0,Mapillary,219.09,perspective,1764596375459,2025-12-01T13:39:35.459000+00:00,223,f9078479bd36568e5174e777982b786cdac03eb3e93da962e606656e3ab7d298,19.32,1,0,1452899796554832,38.888916948711,-76.9924230712,data/images/mapillary_scaleup_development_target_crops/ADA_CurbRampPt_16824/1452899796554832.jpg,Good,0,directional_bearing_crop,ADA_CurbRampPt_16824,38.888782094868176,-76.9925638240695,0,Mapillary API,data/images/mapillary_scaleup_development/ADA_CurbRampPt_16824/1452899796554832.jpg,45c63fd6f2bf7b07f4d1c53ad6ddec5219cfa8d2237f2d53f8a7a2c11ca31985,0,navy_yard_capitol_riverfront
90.0,Mapillary,275.09,spherical,1607802141500,2020-12-12T19:42:21.500000+00:00,359.8,a12d28be59fdd0626282851c43b5681a351a8402d1c00f60bc2e222664b07b32,7.59,1,0,3004386133184593,38.886600938822,-76.99843627132,data/images/mapillary_scaleup_development_target_crops/ADA_CurbRampPt_31623/3004386133184593.jpg,Good,0,equirectangular_to_perspective,ADA_CurbRampPt_31623,38.88660699025948,-76.99852358282406,0,Mapillary API,data/images/mapillary_scaleup_development/ADA_CurbRampPt_31623/3004386133184593.jpg,519b16619b7a4960d6c7273bea591643cab04671a05d0c1b25243dbcd475f3f8,1,navy_yard_capitol_riverfront
90.0,Mapillary,7.34,perspective,1579966606133,2020-01-25T15:36:46.133000+00:00,358.33947753906,60f26de4bf4f616300ac47de4459b8767532aa299e5d75c6bb804aaa74ad52c7,13.14,1,0,313753310877871,38.886489763305,-76.998542989498,data/images/mapillary_scaleup_development_target_crops/ADA_CurbRampPt_31623/313753310877871.jpg,Good,0,directional_bearing_crop,ADA_CurbRampPt_31623,38.88660699025948,-76.99852358282406,0,Mapillary API,data/images/mapillary_scaleup_development/ADA_CurbRampPt_31623/313753310877871.jpg,aefb4004349d5a7b88fe50f6610888e001fd3911114361eb5d2beccca24b58ff,0,navy_yard_capitol_riverfront
90.0,Mapillary,127.38,perspective,1644842554000,2022-02-14T12:42:34+00:00,110.09140238759,fa0821e4b8b6703bc88dd7599a51461e8c11c4a7805953e85a4f3e9fcad5328d,39.65,1,0,105292408930166,38.880151515152,-77.001055555556,data/images/mapillary_scaleup_development_target_crops/ADA_CurbRampPt_23858/105292408930166.jpg,Good,0,directional_bearing_crop,ADA_CurbRampPt_23858,38.87993503214102,-77.00069157249165,0,Mapillary API,data/images/mapillary_scaleup_development/ADA_CurbRampPt_23858/105292408930166.jpg,9ee5676342566c42c9a6cafc97096aac4602afe4c57eeec3323d4b33eb4d0bde,0,navy_yard_capitol_riverfront
90.0,Mapillary,94.82,equirectangular,1576689488500,2019-12-18T17:18:08.500000+00:00,289.3,1a587bcfca883a8f32b853c684d0676ffbaa6661bfc02f959c54e72864995a51,42.36,1,0,1091421541381555,38.879967040984,-77.001179199021,data/images/mapillary_scaleup_development_target_crops/ADA_CurbRampPt_23858/1091421541381555.jpg,Good,0,equirectangular_to_perspective,ADA_CurbRampPt_23858,38.87993503214102,-77.00069157249165,0,Mapillary API,data/images/mapillary_scaleup_development/ADA_CurbRampPt_23858/1091421541381555.jpg,b7a22d69a5597d76aca9b77a1ea5a3f0cd0923247b557f3db10527510d2a31c5,1,navy_yard_capitol_riverfront
90.0,Mapillary,302.31,spherical,1601322634000,2020-09-28T19:50:34+00:00,179.4,457076461b85258c655df4f3d2b928b18baf3dc8346dda863a821354a3f15e1a,5.47,1,0,1040525639865135,38.873017229563,-77.012189063138,data/images/mapillary_scaleup_development_target_crops/ADA_CurbRampPt_8198/1040525639865135.jpg,Missing,0,equirectangular_to_perspective,ADA_CurbRampPt_8198,38.873043529433374,-77.01224247889041,0,Mapillary API,data/images/mapillary_scaleup_development/ADA_CurbRampPt_8198/1040525639865135.jpg,e290b3a1802f76372a14aa1cde47ff2bec5150d90d1599bdfbe32b36574dfddf,1,navy_yard_capitol_riverfront
90.0,Mapillary,151.77,spherical,1601319901000,2020-09-28T19:05:01+00:00,289.6,3e2f4f0cef74bbfea7f93d97418fc17288f00272b8adf378a5a8a01bbd9d4d8d,52.08,1,0,127473719802037,38.880865172761,-77.003853532934,data/images/mapillary_scaleup_development_target_crops/ADA_CurbRampPt_15546/127473719802037.jpg,Missing,0,equirectangular_to_perspective,ADA_CurbRampPt_15546,38.88045257026634,-77.00356892172714,0,Mapillary API,data/images/mapillary_scaleup_development/ADA_CurbRampPt_15546/127473719802037.jpg,45e33e155e5db87109fef3dbd80a5c68ed45cbf916c37af84c31b41a0a4824f0,1,navy_yard_capitol_riverfront
90.0,Mapillary,159.69,spherical,1610471237000,2021-01-12T17:07:17+00:00,8.4,7ef14b6ee8d52168c205dca6acca24de3e7b88d13255549328685033a97edbc3,15.71,1,0,1000109587347465,38.893654372069,-76.998422358106,data/images/mapillary_scaleup_development_target_crops/ADA_CurbRampPt_24263/1000109587347465.jpg,Missing,0,equirectangular_to_perspective,ADA_CurbRampPt_24263,38.89352183474524,-76.99835933252062,0,Mapillary API,data/images/mapillary_scaleup_development/ADA_CurbRampPt_24263/1000109587347465.jpg,c104cb9920d7c996991b65d835a53a6deca6da1ad3fc9f4c0ab461d33a210da3,1,navy_yard_capitol_riverfront
90.0,Mapillary,341.2,perspective,1608664418680,2020-12-22T19:13:38.680000+00:00,3.65283203125,4460559a5db3e370ee58fea4afc0b72c3027e5cc38611d741dd85f626627ff3c,17.65,1,0,1431725947214102,38.887377126523,-76.993750540853,data/images/mapillary_scaleup_development_target_crops/ADA_CurbRampPt_27681/1431725947214102.jpg,Missing,0,directional_bearing_crop,ADA_CurbRampPt_27681,38.887527415045085,-76.99381626848489,0,Mapillary API,data/images/mapillary_scaleup_development/ADA_CurbRampPt_27681/1431725947214102.jpg,ecf2b274103dcbd873d1661b6f5c09549b14cf3e6178d292ca83f0724a4bdace,0,navy_yard_capitol_riverfront
90.0,Mapillary,341.06,spherical,1601383121000,2020-09-29T12:38:41+00:00,180.3,3bdf6caa1b8d6b46d6346816ea4ee60dc098f0c115f1b73a36f7c1e0faf3ae9b,19.07,1,0,1577393279300860,38.88736521635,-76.993744753324,data/images/mapillary_scaleup_development_target_crops/ADA_CurbRampPt_27681/1577393279300860.jpg,Missing,0,equirectangular_to_perspective,ADA_CurbRampPt_27681,38.887527415045085,-76.99381626848489,0,Mapillary API,data/images/mapillary_scaleup_development/ADA_CurbRampPt_27681/1577393279300860.jpg,62246500b3f136fdd8f5f6306ba33b1ccb6758d445d345abdcb2c946dca31a80,1,navy_yard_capitol_riverfront
90.0,Mapillary,106.52,perspective,1573920174334,2019-11-16T16:02:54.334000+00:00,71.768127441406,ef453c99d9ffff7bb125d3b7f30adeb7ff68a6ae6f8dbacab47193c707a058ad,4.67,1,0,1196165390884851,38.882696553384,-76.993732302252,data/images/mapillary_scaleup_development_target_crops/ADA_CurbRampPt_14345/1196165390884851.jpg,Non-Compliant,0,directional_bearing_crop,ADA_CurbRampPt_14345,38.88268461042921,-76.99368058808355,0,Mapillary API,data/images/mapillary_scaleup_development/ADA_CurbRampPt_14345/1196165390884851.jpg,347db0204349bddc3d151d835c4ecd99383b347c5709e0f6a48d78219ca2943b,0,navy_yard_capitol_riverfront
90.0,Mapillary,49.65,perspective,1700656934289,2023-11-22T12:42:14.289000+00:00,51.242195129395,74a893a74b9e38fe683f1df90dba4d423b5601bdf4e38352f71def772cd9c67b,6.93,1,0,1369711183983536,38.878427700002,-76.999481799998,data/images/mapillary_scaleup_development_target_crops/ADA_CurbRampPt_34431/1369711183983536.jpg,Non-Compliant,0,directional_bearing_crop,ADA_CurbRampPt_34431,38.87846802674341,-76.99942083376978,0,Mapillary API,data/images/mapillary_scaleup_development/ADA_CurbRampPt_34431/1369711183983536.jpg,5360bf299915ad392b061898c4fda6cbc9439fde0b0e433421529731d9c5af20,0,navy_yard_capitol_riverfront
90.0,Mapillary,180.87,perspective,1704373414672,2024-01-04T13:03:34.672000+00:00,209.23749065399,0ab492a34ae4552d5e9efbbebd9d7ef792404f894db0ff8d262c7599de1007be,8.93,1,0,1082894039622505,38.891234183441,-76.993822083112,data/images/mapillary_scaleup_development_target_crops/ADA_CurbRampPt_8392/1082894039622505.jpg,Non-Compliant,0,directional_bearing_crop,ADA_CurbRampPt_8392,38.89115385304683,-76.9938236529943,0,Mapillary API,data/images/mapillary_scaleup_development/ADA_CurbRampPt_8392/1082894039622505.jpg,e66d0de6ca9ad0a4feffbb281a6a2c9f5c03a4d94ceb7c94e6698bd7378bbea7,0,navy_yard_capitol_riverfront
90.0,Mapillary,156.47,perspective,1638536357000,2021-12-03T12:59:17+00:00,118.2974144828,f63ac63e446df4195ae8a2c38ee0b0991dbbcc7b3a0cbaff563101061e9000d9,11.74,1,0,131522832927771,38.891250613553,-76.9938777927,data/images/mapillary_scaleup_development_target_crops/ADA_CurbRampPt_8392/131522832927771.jpg,Non-Compliant,0,directional_bearing_crop,ADA_CurbRampPt_8392,38.89115385304683,-76.9938236529943,0,Mapillary API,data/images/mapillary_scaleup_development/ADA_CurbRampPt_8392/131522832927771.jpg,904b55f8bd8d007d1063c44bfe9c829d392d0ec7241b1aac4f707a7f441b9d4c,0,navy_yard_capitol_riverfront
90.0,Mapillary,343.3,perspective,1611243851935,2021-01-21T15:44:11.935000+00:00,359.46856689453,e30c82c6f0ca164cb3ce3d745c923ea9d1ac2ce674177c9cc42b9d7cda2a148a,33.34,1,0,1214196925696924,38.894455592106,-76.999499605748,data/images/mapillary_scaleup_development_target_crops/ADA_CurbRampPt_16513/1214196925696924.jpg,Non-Compliant,0,directional_bearing_crop,ADA_CurbRampPt_16513,38.89474277066115,-76.99961027392658,0,Mapillary API,data/images/mapillary_scaleup_development/ADA_CurbRampPt_16513/1214196925696924.jpg,dfa3684528922d539654f8eb7f450ee62edb18aa6ffd0f20b180b6ec9db87fea,0,navy_yard_capitol_riverfront
90.0,Mapillary,293.93,perspective,1645101279000,2022-02-17T12:34:39+00:00,270.00001919698,ff1490659c135406efd3e09b9da02613fce93b0d987f58244865f3747a9ad5ab,19.6,1,0,1311598279417141,38.874652777778,-77.010370924817,data/images/mapillary_scaleup_development_target_crops/ADA_CurbRampPt_19864/1311598279417141.jpg,Non-Compliant,0,directional_bearing_crop,ADA_CurbRampPt_19864,38.87472427157357,-77.0105778834377,0,Mapillary API,data/images/mapillary_scaleup_development/ADA_CurbRampPt_19864/1311598279417141.jpg,53bc375cb8faa73aec0b183f6a46a288d6820f66cffeade5cb20ebbf55798f83,0,navy_yard_capitol_riverfront
90.0,Mapillary,289.06,perspective,1645101278000,2022-02-17T12:34:38+00:00,270.00001847036,1fcdf8ceb1be4ead466c6b52ccd80c01923391afaa6f005cceadbe07c11bfa30,24.35,1,0,145337464662121,38.874652777778,-77.010312071331,data/images/mapillary_scaleup_development_target_crops/ADA_CurbRampPt_19864/145337464662121.jpg,Non-Compliant,0,directional_bearing_crop,ADA_CurbRampPt_19864,38.87472427157357,-77.0105778834377,0,Mapillary API,data/images/mapillary_scaleup_development/ADA_CurbRampPt_19864/145337464662121.jpg,4d2ec3f4c257bab08f27fac5913ed3541f85905895d6bff1383dc436d8603056,0,navy_yard_capitol_riverfront
